row,move,count
1,g6,13068255
2,Nf3,32135824
3,Bg7,7834328
4,e3,9288488
5,d6,14374453
6,Be2,9268041
7,Nd7,7706560
8,O-O,42886051
9,e5,27142204
10,fxe5,3962802
11,Nxe5,9391615
12,Nc3,24675263
13,Nxf3,2697464
14,Bxf3,6060743
15,Nf6,30438475
16,b3,8360679
17,Bb2,4602693
18,c6,13182121
19,Rb1,4869525
20,d5,27107597
21,Ne2,5732397
22,Qe7,7220324
23,Ng3,3467330
24,Ne4,10492766
25,Nxe4,7962041
26,dxe4,5888664
27,Bxg7,1459809
28,Kxg7,1336585
29,f5,12597337
30,Qc1,1696077
31,Be6,7874267
32,Qb2,1448815
33,Qf6,5685851
34,Qa3,1161773
35,Rf7,2961074
36,c3,13345594
37,a6,12522403
38,Bd1,701393
39,Kg8,4049108
40,Bc2,2310712
41,Rd8,6147768
42,Rf2,2874264
43,Rd7,3876916
44,c4,15685006
45,Qd8,3097236
46,Qe5,3130359
47,Qb8,1119642
48,Rf8,4468150
49,Qf4,3355606
50,Rfd8,1552709
51,Bxe4,4056830
52,Rxd2,1219387
53,Kg7,6822478
54,Bf3,3026452
55,Kf7,6193446
56,e4,11272030
57,Qc7,6619256
58,Qb6,5480080
59,Qd4,3196507
60,Qxd4,4436009
61,Rxd4,1872750
62,exf5,2850682
63,Bxf5,2543756
64,Rb2,1995293
65,Kf2,5988502
66,h5,11555503
67,Kg3,4592360
68,Kf6,5016959
69,Kf4,3602039
70,g5,10776099
71,Rd3,2494629
72,g4,11219216
73,Rd4,1891295
74,h3,13826861
75,gxh3,829808
76,Bxh3,1058283
77,Bxh5,558072
78,Bf5,6960302
79,Be8,733846
80,Rh4,1259307
81,Rh3,1476584
82,Kg2,6495232
83,Re3,2625014
84,Rxe8,2220665
85,Rg8,3682847
86,Rg4,1436176
87,Kf3,4982212
88,Ke5,3357167
89,Re2,3615435
90,Re4,1961211
91,Rd2,3880762
92,Be4,3079584
93,Ke3,4611273
94,Ke1,2003588
95,Kd4,2966484
96,Kd2,4254159
97,Kc1,1448674
98,Kc3,2763219
99,Rh2,1419080
100,Rd1,6129759
101,e6,17981522
102,d4,21241134
103,c5,18217018
104,Nc6,24920339
105,Be3,10774125
106,Bd7,7280761
107,dxc5,3073543
108,Qa5,3652666
109,Qd2,6871403
110,Qxd2,1381733
111,Nbxd2,92774
112,Nge7,1552287
113,Nd4,8009540
114,b4,11964716
115,N7c6,21015
116,b5,13026201
117,Nxd4,8256595
118,Bxd4,3529923
119,Ng6,3565384
120,Bf6,3595461
121,gxf6,2463194
122,cxd5,7381972
123,exd5,11143376
124,Nb3,2496275
125,Rfe8,2098957
126,Bxb5,1439441
127,Nf4,4797182
128,Nxe2,967735
129,Kh1,5145619
130,Re1,10737096
131,d3,9964302
132,Ba6,2284312
133,cxd4,8954623
134,Bc4,11233190
135,exd6,1436897
136,Bxd6,2238334
137,Bxh2,439013
138,Kxh2,393111
139,Bb5,7279173
140,Bxd7,1605841
141,Kxd7,567271
142,Ng4,4831530
143,Kg1,3644289
144,Ke8,2501924
145,f4,13824898
146,Qxe3,1614631
147,Nf2,1123497
148,Kh2,4907030
149,Qxf4,1631464
150,Nxd1,525908
151,Nxc3,2521308
152,bxc3,3842308
153,Ke7,6077332
154,b6,9190227
155,a4,11413341
156,Qxa4,633350
157,Qxc4,1648831
158,Qxc2,1200462
159,Rf1,4421337
160,Rhd8,354482
161,Qc5,2505454
162,Qh5,4225684
163,Rxf1,1523226
164,Kxf1,618599
165,Rc8,6463828
166,Rc3,1847167
167,Qh3,1847612
168,Qf3,6567189
169,Qd1,2486875
170,Rc2,2869378
171,Qg1,571303
172,Qe1,2082993
173,Kc4,2535880
174,Kb5,1870668
175,Ka6,911620
176,Qc8,1847299
177,Kxa7,161963
178,Kxb6,225844
179,Ka7,868391
180,Bf4,8656676
181,Bg4,9552622
182,Nbd2,4137082
183,Bd6,9158447
184,Bg3,3452619
185,Bxg3,972469
186,hxg3,1607011
187,Nbd7,4194661
188,Bd3,12052082
189,Ng1,418638
190,Bxe2,1476058
191,Qc2,5527609
192,a5,11458439
193,axb5,2766998
194,Qxb5,1042705
195,Qa4,2759445
196,Rxa4,936707
197,Rxa5,918545
198,bxa5,749346
199,Ra8,2787392
200,Ke2,5546381
201,Nh3,1386101
202,h6,13523495
203,Ra3,1624707
204,Rc1,5883568
205,Kd1,1932486
206,Ne8,903595
207,Kc2,2929959
208,Nd6,3145071
209,Nd1,520508
210,Ra2,2018306
211,Nb2,395568
212,Nb6,3098896
213,Kb1,2627080
214,Na4,2004479
215,Nb1,513174
216,Rxb2,1690255
217,Nd2,6609696
218,Rb7,2067684
219,Nb5,3454398
220,Rxb7,1615037
221,Nxb7,520367
222,Na5,2376299
223,Na3,1496093
224,Bb3,4045574
225,f3,8273476
226,Be7,12038796
227,a3,10928432
228,Bb7,6688797
229,Re8,9266621
230,cxd3,1200740
231,Bxd3,1969004
232,Nc5,4837617
233,Bb1,701903
234,Rcd8,297560
235,Bf2,1182924
236,exf6,2117100
237,Bxf6,6311692
238,gxf5,2002632
239,Ne5,11600416
240,fxg6,1688206
241,Qb3,4383249
242,Bd5,3072039
243,bxc4,2139654
244,Qxb6,799376
245,Bxb6,628657
246,Be5,3022667
247,Nxh2,270452
248,e2,516299
249,Bc5,7666925
250,Ba7,560219
251,Qe2,7965389
252,Ne7,6583614
253,axb4,2590537
254,Bxf7,1490059
255,Rxf7,1995605
256,Bb6,2674729
257,Rxa1,893558
258,Rxh1,462881
259,Nxd6,1490062
260,cxd6,1329467
261,Bg5,10766159
262,exd4,6460608
263,Bh4,2825347
264,hxg5,2787684
265,Rac8,1969397
266,Rab1,1222454
267,Rxe2,1176385
268,Rbc1,198100
269,Qxb2,1914190
270,Qxa7,990380
271,Rxf2,1767409
272,Rxg2,1100330
273,Rxh2,772903
274,Qg2,1372579
275,Bxc6,4395179
276,Bxc5,2644444
277,Nxf4,1552146
278,Rc4,1685509
279,Ned4,70121
280,Bxa3,690434
281,bxa6,533616
282,Rxc3,1393508
283,Nfd4,112177
284,Rb8,5275502
285,Qg5,3942797
286,Qg3,3685458
287,Qxe5,3093388
288,Qxc3,1878897
289,Bb4,6518101
290,Nh4,2689850
291,g3,9535044
292,Nf5,5460660
293,Nxf5,1551112
294,Qb1,1016866
295,Qe4,3176105
296,Qxe4,2801331
297,fxe4,2766358
298,Rxb4,823633
299,Rxb5,826305
300,Bxa6,856733
301,Nxa6,380567
302,Nb8,666318
303,Qa6,1127695
304,Qxa1,693487
305,bxc6,3796141
306,Nxc6,3017495
307,Qb5,2202600
308,Nxa4,420068
309,Nd5,9305060
310,Nxc4,1943066
311,N4xe5,2740
312,gxf3,2421374
313,Ra1,2683290
314,Bc1,1050373
315,Rb3,1680803
316,Rxd3,1393662
317,Bc3,2333866
318,Bd4,3197589
319,f6,9026007
320,Rb6,1670617
321,Ra6,1542241
322,Nxf6,3138611
323,Ke6,4414546
324,Kxf5,513907
325,Bxf2,1058332
326,Kxf2,982845
327,Rh5,1222542
328,Rg5,1375378
329,h4,11712176
330,h2,582312
331,h1=Q,323141
332,Kd3,3872227
333,Qh4,3580541
334,Rg3,1901608
335,Qh2,794471
336,Kf1,4592773
337,Rg1,3438116
338,dxc4,3248739
339,Qe8,2081927
340,Qxe2,1627408
341,Rfe1,2477651
342,Qxg2,1112341
343,Qxd6,2368398
344,Nxg2,359309
345,Kxg2,919993
346,Qg6,3211580
347,Qe6,3431104
348,Ng5,5828723
349,Qd5,3252769
350,Qxd1,1402675
351,Rxd1,2777078
352,Na6,1567485
353,Bxh6,1439934
354,Nxe6,1747767
355,Kf8,4894862
356,Bh5,2616754
357,Raf1,506621
358,Rae8,1614408
359,Bxf1,672958
360,Bg2,4892940
361,Bxg4,1625919
362,Bc8,1230018
363,Bxd5,3899572
364,Bd2,6139706
365,Nxf2,863095
366,Nxh1,204017
367,Qh1,617195
368,Qf2,2274385
369,Nxd5,6826472
370,Qc6,2755034
371,Bxh7,589284
372,Kh8,4880104
373,Rfc1,698428
374,Bc6,2749985
375,Bxg6,1147623
376,Nxg6,1166860
377,Nxe7,1248076
378,Bxg2,994773
379,Qxh5,950165
380,Qxh4,928698
381,Rc7,2969660
382,Qxe7,2004574
383,Rxe7,1429425
384,Kxe7,564262
385,Qe3,4040308
386,Qxh7,878203
387,Ba2,873555
388,exf4,2480955
389,Bxf4,2569581
390,Rae1,1819093
391,Rxe3,1415911
392,Rxf8,1643697
393,Nxf8,570537
394,Qb4,2266134
395,Bxe3,1743592
396,Qxb4,999964
397,Bxb7,1063439
398,Nc4,4666124
399,Nxb2,511572
400,dxc6,1541473
401,Nxf7,1365190
402,Kxf7,1496798
403,Kd7,4767045
404,Rh8,2239682
405,Qxg7,1206889
406,Qh7,922191
407,Nc8,470017
408,Qxg8,230019
409,Qxg6,1128553
410,O-O-O,8325883
411,Nf7,1316871
412,Nh8,71374
413,dxe6,1034611
414,Kc8,1583614
415,Rxd8,2854929
416,Kxd8,789935
417,Qg8,627711
418,Qxa8,762592
419,Qxb7,1744063
420,Qxc7,1134187
421,Kxe6,480701
422,Qxc5,1571026
423,Kc6,2984631
424,Kg6,4397576
425,Kh5,1602757
426,Kg4,3113127
427,Qf5,3100192
428,Kxe3,400648
429,Qxd8,1494861
430,Bxd8,700803
431,Re7,3482518
432,Bc7,1460921
433,Rxd6,1550508
434,gxh6,980136
435,Rxh6,811807
436,Rg6,1665702
437,Rhg1,473950
438,Rf6,2153649
439,Rdf1,268150
440,Bh2,640933
441,Rh6,1305440
442,Rxh5,836401
443,Rb4,1386881
444,Ngf6,775550
445,Nh5,2980826
446,Rde1,526070
447,bxa3,576497
448,Qxa3,588708
449,Qh6,1793827
450,Qa2,620995
451,Qa1,716780
452,Qf1,1034212
453,Nxh8,361817
454,Bxc3,4191098
455,dxe3,503807
456,cxb6,651399
457,Bb8,423644
458,Qd3,5036858
459,Qd6,4300344
460,Red8,291653
461,Rfd1,1608236
462,Rxc8,1343864
463,Bxc8,355706
464,Rxb8,663021
465,Qxf6,3049278
466,Nb4,3265002
467,Nd3,2877424
468,Bxa8,604576
469,Nxd7,1537323
470,Qg4,4109155
471,Kc7,3149541
472,Qa7,723442
473,Nbc6,478182
474,Bh6,2610317
475,Nxc2,825003
476,Bxf8,802833
477,Qxf8,642164
478,Nce3,18228
479,Rad1,3349209
480,Kxf8,657160
481,Nc7,1619485
482,Nxa3,320334
483,hxg6,2281022
484,Kg5,3099710
485,Kh6,2342332
486,Kh7,4518243
487,a2,833508
488,a1=Q,476496
489,Qxc6,1777182
490,Qg7,1537136
491,Qc3,2603853
492,hxg4,2650789
493,fxg5,1312164
494,Qxg5,1820598
495,Rf5,1735497
496,Rxg5,813544
497,Qxf7,1548227
498,Rhf1,413361
499,axb3,1534612
500,cxb3,733903
501,Rf3,2449771
502,Qxd3,2371158
503,dxe5,8622564
504,exf3,1046013
505,fxg2,111754
506,cxb7,125273
507,Rxe1,2100520
508,Kb3,2071601
509,Rxb1,664440
510,Nxb1,136281
511,Qxb1,279101
512,Ka4,819506
513,Qxa2,1065576
514,Kb4,1835539
515,Kc5,2589197
516,Qc4,2385861
517,Qxf3,3371666
518,Nxe3,1627668
519,Rac1,1939352
520,Nxc5,1679899
521,Rcd1,300264
522,Rd6,2339815
523,Bf8,1388028
524,Rxd7,1334559
525,Qxd7,1636100
526,Qd7,5915594
527,d7,658798
528,Qxb3,787704
529,Ng8,544018
530,Kd8,2309479
531,Bxe5,4621552
532,cxb5,1445778
533,Bxh8,343758
534,Nh6,1817608
535,fxg3,1262309
536,Bh3,1684059
537,d8=Q,260190
538,Nbc3,350840
539,Rdf8,260133
540,Qxe6,1846937
541,Bxe6,2398399
542,Kb8,2462864
543,Rxe6,1736403
544,Rf4,1760347
545,Kxg3,432263
546,Re5,1891962
547,Nf8,909088
548,Rh1,2122833
549,Rcf1,55748
550,Rxe5,2181906
551,Rxf3,1562272
552,Na7,355821
553,Nxb5,1080876
554,Rfc8,801091
555,Nce5,190965
556,Rcb8,40737
557,Bxc4,2852276
558,fxe6,2424088
559,Nxd2,1163082
560,Nde4,100025
561,Nbd6,11249
562,Rbf8,47524
563,Rhf4,8953
564,R4f6,6582
565,Red1,395170
566,Rxe4,1976010
567,Rxh4,778923
568,R1d7,13875
569,Ra4,1353260
570,Rxa2,1476376
571,dxc3,1286793
572,Bxb2,1151922
573,Rag1,139640
574,Rg2,1575727
575,gxh4,841504
576,Kxh4,404182
577,Kh3,2282585
578,Bg6,3122767
579,Rxh8,514095
580,Qf8,1127136
581,Qxh6,962301
582,Bxh4,620096
583,Ka8,628652
584,Nd8,521877
585,Qxg4,1636454
586,Nc1,404914
587,Kb6,2194225
588,Nxb4,924368
589,cxb4,1365655
590,Kd5,2929664
591,Ke4,3425301
592,Kxf6,591016
593,Kd6,3905004
594,Kxd5,390740
595,Kb7,1975421
596,Kxb5,313663
597,Ka5,843367
598,Kxa3,194094
599,Kxh7,515436
600,Ba3,1689812
601,Kxe2,488729
602,Rce8,156486
603,Nxe8,354124
604,Ned2,45135
605,Rxc1,1341223
606,Qxc1,460837
607,Qf7,2310821
608,Nxg4,1378037
609,Nxh3,385994
610,Rad8,2802763
611,Nfg6,11884
612,Nxh7,356921
613,Rxf6,1640744
614,Kb2,1895310
615,Ka3,884014
616,Rxb3,791812
617,Kxd1,652163
618,Ra7,2146129
619,Kxb4,319780
620,Qxa5,634950
621,Nxa5,395949
622,Bxe7,1918454
623,Bf1,1107633
624,Rhe1,749151
625,Rc6,1827695
626,Ree7,126680
627,Ka2,843613
628,Bg8,208703
629,Kxh5,414668
630,Neg5,109127
631,Bxg5,2028192
632,Rde8,457700
633,Nh7,869268
634,Nxg5,1445088
635,Rxc7,1311112
636,Rxa7,1395802
637,Rxg6,817761
638,Kh4,1623481
639,bxc5,1979683
640,Ba4,1667023
641,fxg4,1218456
642,R7e6,15098
643,Rxh3,745264
644,cxb2,161438
645,Nxd3,1522720
646,Nbd4,115911
647,Re6,2247152
648,c2,599665
649,c1=Q,302830
650,Rxh7,959219
651,Ng2,384465
652,Bd8,738493
653,Rxd5,1880510
654,Rc5,1605494
655,Rxf4,1467337
656,axb6,1253383
657,Nce7,355302
658,Nf1,948513
659,N8e7,30728
660,Ne3,2986952
661,Nc2,1416838
662,Nfxd4,96424
663,Nhf3,58111
664,Nxe1,349999
665,Ncxe4,106019
666,Qxd5,4828810
667,Ne6,2815873
668,Rxg4,789793
669,fxe3,1798002
670,Qxg3,947774
671,Nxc7,828394
672,Rxc4,1199938
673,Rxa6,1006939
674,Kf5,3554791
675,Kxe5,484422
676,b2,594986
677,b1=Q,341208
678,Kxg5,534417
679,Nxg3,995825
680,Rdh1,95020
681,R4h2,1600
682,gxf4,1606350
683,Rg7,1661954
684,Kxb7,278909
685,Rhe8,632379
686,Rdd8,98575
687,Rxg7,1175076
688,Rab8,1136222
689,Bxb4,1225536
690,Rxc6,1276894
691,Rec1,176192
692,Rfb8,313723
693,Ncd7,63445
694,Nxb8,147940
695,exf2,108424
696,Rxf5,1450098
697,Bxd2,1334777
698,Kxd2,476476
699,Kxf3,535620
700,Rd5,1870054
701,Rxc5,1147123
702,Rh7,1505762
703,Kxa5,249248
704,f2,419891
705,f1=Q,232609
706,Qxh3,819169
707,a7,799175
708,Qa8,720332
709,Kxh6,363293
710,Ba5,1270779
711,Rb5,1331739
712,Qxf1,544790
713,Rdg8,244209
714,Bf7,1004907
715,Bxe8,299981
716,gxh2,57474
717,Ndf1,15041
718,Rde2,49892
719,Bxe1,305037
720,Bxa4,459229
721,Qxe8,704623
722,Nce4,189364
723,Qb7,1615291
724,Nfe4,63799
725,Nxc1,319235
726,Nb7,443475
727,Nxd8,563805
728,f7,453019
729,f8=Q,247103
730,Qgg4,5807
731,Ngxe7,35128
732,Nxa1,417489
733,Nxb3,829875
734,Bxb3,603335
735,Qxf5,1495335
736,Rhg8,459524
737,Rxa8,873954
738,Nxh6,442974
739,Bxa1,587712
740,Rff8,68379
741,Rxb6,752556
742,Ra5,1328953
743,Kxg4,517584
744,Qxh2,658419
745,Bxc2,680144
746,Bxa2,463267
747,Ndb5,94280
748,Ne1,708299
749,Rxg3,731594
750,Nxh4,626943
751,Kxe1,244819
752,Ngf3,589125
753,Nfd7,615642
754,hxg2,88408
755,Na1,47416
756,Rff1,71458
757,Rbd1,214487
758,Qh8,699619
759,Qxf2,1315284
760,Raf8,484233
761,Be1,593586
762,Bg1,225729
763,Nxa2,357407
764,Nh2,1023375
765,b7,588080
766,Nxh5,634278
767,Ned7,60625
768,exd7,71329
769,Qxe1,677721
770,Rfh7,3344
771,R7e5,6446
772,R1e2,66409
773,c7,606070
774,Rbc6,10209
775,c8=Q,305755
776,Neg4,86235
777,Bh7,570867
778,Nce2,316884
779,gxh5,1089219
780,Na8,56613
781,Qxb8,291057
782,Ncb1,4267
783,Nab6,6057
784,N3e2,5190
785,Bxh1,263646
786,Ncxe5,152530
787,Ree1,113395
788,Rff2,70576
789,Kxf4,528285
790,Rxa3,906699
791,Ngxe5,120007
792,Kxd6,366190
793,Kxe8,259052
794,Bxc7,688760
795,Kxc7,293468
796,Kxb3,241087
797,Kxc3,325113
798,Rexc2,2876
799,R2c5,2437
800,Qxh8,436217
801,Nbc5,12306
802,Rea2,4144
803,Rad2,13396
804,Bxa5,393287
805,Kxb2,283162
806,g7,484299
807,Rhd1,365475
808,R7xd6,1879
809,Nge2,1189021
810,d2,623924
811,Rbxd5,2090
812,Rdg1,287199
813,hxg7,109435
814,Rxg8,466440
815,Kxg8,163535
816,Kxc4,379851
817,Rxc2,1378067
818,Rbb5,7205
819,Bxa7,502316
820,R8d5,10245
821,Nxf1,485705
822,Nxa8,483395
823,a8=Q,443187
824,Ngxe4,84678
825,exd3,580109
826,Kxa8,49884
827,R3g5,1830
828,R8g7,18871
829,Rge5,6424
830,Nfd2,324969
831,Bxd1,631933
832,Raxd1,147232
833,Qxa6,670346
834,Rhf8,433262
835,Kxh3,321757
836,Kxd4,378798
837,Rbc8,212489
838,g8=Q,290397
839,Nxb6,674340
840,Rea8,22083
841,R6a7,2453
842,Rbb8,58673
843,Kxb8,58099
844,N5f6,27266
845,b8=Q,330209
846,Nac4,25452
847,bxc7,38030
848,Raa1,60754
849,Kxe4,436347
850,Ndxe5,100787
851,R1d5,10720
852,R5d6,8180
853,bxa4,814213
854,Qxc8,480751
855,Nec6,113214
856,Ndf6,301638
857,R8e6,18062
858,Ncb4,32146
859,dxc7,98911
860,Kxa4,262476
861,Kxc5,367385
862,Rfxf2,25489
863,Raf2,14120
864,Rfg1,30486
865,Kxc2,282144
866,Ka1,644445
867,Nde5,109776
868,Rea1,29664
869,Raa8,64726
870,Rgf8,62130
871,N2b3,23344
872,Na2,294773
873,exf7,205153
874,N7f6,80618
875,Nge4,127011
876,N4xf5,677
877,Kxd3,332171
878,Ng7,460572
879,Bxc1,364727
880,dxe7,101236
881,Nge5,116409
882,Rfxd1,69653
883,h7,678045
884,h8=Q,380292
885,f8=R,4761
886,Ree8,89471
887,Ncd4,54936
888,N4f3,24267
889,Qxh1,331191
890,Nxc8,369733
891,Rhxf1,12531
892,Raxc1,64025
893,Ree6,29959
894,Rxg1,386798
895,Nxg1,92495
896,R1f2,51322
897,R2f3,11512
898,bxa2,46019
899,Rfxf5,6682
900,Rhe5,4859
901,Rcc8,68187
902,Rbd8,215191
903,Rgf2,24018
904,Ncd3,14866
905,Rhxe7,1855
906,Nef6,62827
907,Kxa2,191365
908,Nhf6,70001
909,e7,563505
910,e8=Q,228477
911,Kxc1,103771
912,N3xe4,1972
913,Rge1,55598
914,Rad6,6071
915,Ba8,226099
916,Ba1,180841
917,Rdh8,75836
918,Kxg6,470292
919,Nexd5,43507
920,bxc2,45294
921,Nec3,75926
922,Nfxe5,32805
923,N5a3,5441
924,Raf6,2746
925,R7xc3,429
926,Rcc2,90573
927,Rbxf7,2811
928,N6c4,1518
929,Bxg1,114535
930,Rec2,22597
931,Rcc1,61259
932,Ndxe4,60242
933,Rbe1,137339
934,Rfb7,8300
935,Qhg1,1272
936,Qff5,5917
937,Qge4,1504
938,Qee6,6371
939,Qff7,7617
940,Qee8,5112
941,Rhh2,19784
942,Rhxd2,869
943,cxd2,39629
944,Ncd2,52979
945,Rfxd8,65431
946,Rdb8,38397
947,Kxa6,180323
948,Qbg3,625
949,Bxg8,192446
950,R4g6,3110
951,Rdc5,6794
952,Kxc6,318929
953,Rbd3,8360
954,R1d2,66037
955,R2d3,15971
956,Bh8,183813
957,cxd8=Q,15432
958,gxf7,97588
959,Qxg1,175860
960,Ref7,29118
961,R4d2,10113
962,Nxa7,367473
963,Rfc5,2428
964,g2,428588
965,g1=N,1996
966,Rfb1,311280
967,Rge3,12868
968,Nac3,21929
969,Reb1,78828
970,Raxc8,71213
971,Rcxc2,14758
972,Rce2,22527
973,N3h2,6607
974,Rdd1,106836
975,Ndc6,25115
976,Bxb8,270127
977,exf1=Q,15191
978,Rdd7,138436
979,Rhxf7,3231
980,Nexd4,48941
981,Reb8,61162
982,Rcg8,23259
983,fxg7,167886
984,Nxg7,461440
985,Rff7,71239
986,Rhh8,28530
987,N5b4,1299
988,N6d7,37328
989,Ndf3,393535
990,Nexd3,2759
991,d1=Q,258819
992,Kxb1,56379
993,Ref2,32230
994,Rbf1,49463
995,R3f2,19329
996,Rdc8,110015
997,Nxg8,110232
998,Bh1,117491
999,R7c3,3103
1000,Nde2,55090
1001,Nfe5,72096
1002,Kxg1,150483
1003,Bxb1,248776
1004,Rcc7,91107
1005,Rab7,23031
1006,axb7,53211
1007,Qhh7,4706
1008,Qee1,5135
1009,Qhf1,1889
1010,Qed1,867
1011,Qdd7,7779
1012,Rhc8,124393
1013,Raxd8,153550
1014,Nde7,34734
1015,Rge7,11984
1016,Rfe7,41739
1017,Ncxd4,51466
1018,Nbd5,167700
1019,Rbh8,7407
1020,R8h4,2983
1021,Rbg1,14811
1022,Rgxg2,13331
1023,Ncb5,35529
1024,Nbxc3,8750
1025,Rah1,48952
1026,R1xd3,2431
1027,Raxe8,10968
1028,Reg8,26032
1029,Rgh6,6236
1030,Rgg1,24228
1031,Qhg7,3268
1032,Q8f8,467
1033,Qge7,2184
1034,Nac6,30421
1035,Ref3,17637
1036,Kxc8,115087
1037,R1h2,10546
1038,N4c6,12404
1039,R1f4,7117
1040,R2f4,4256
1041,Rbc2,20342
1042,R2c4,4843
1043,R2c7,3722
1044,Rfe6,18683
1045,Kxh8,121751
1046,axb2,64972
1047,Rba6,4255
1048,Rfc4,2953
1049,Rab6,10604
1050,cxd1=Q,13347
1051,Rgc8,16302
1052,Qfd2,2921
1053,Qec1,3654
1054,gxf2,65791
1055,fxe1=Q,9661
1056,dxc2,77782
1057,Rce7,21292
1058,Rgf1,61517
1059,Rhh6,8080
1060,Rhf6,9532
1061,Rhh4,6053
1062,Rhg4,10471
1063,Rgf4,10410
1064,Rfe4,10809
1065,R1xf3,1861
1066,R3f5,4362
1067,R8f6,15875
1068,R5f7,9904
1069,Rah8,50158
1070,exd2,41023
1071,Rdc1,118755
1072,Rfa1,84425
1073,Raa7,42388
1074,Rfxf3,8638
1075,Rhxe1,2773
1076,Nbxd4,49712
1077,Rdd3,34612
1078,Ndc5,32156
1079,Nfd3,11189
1080,Ndc1,753
1081,Rbb7,51818
1082,R8d2,13136
1083,Rcxd7,4765
1084,Kxh1,96345
1085,Ncb3,7144
1086,Rbg8,15996
1087,Rag8,150385
1088,Rdd5,17147
1089,Ndc4,30692
1090,R8b6,5795
1091,Naxb4,2033
1092,N3d2,16896
1093,Nh1,61657
1094,Nhf1,6159
1095,Ndxc4,16326
1096,Rdg2,13222
1097,Rfxf4,6577
1098,Ndxf3,11277
1099,Nfxe4,33946
1100,Rfe3,24402
1101,Rexe3,9950
1102,Rgxe5,1686
1103,R7e4,4111
1104,Rbb1,53589
1105,Rdc2,25005
1106,Rfe2,43204
1107,Ree2,120651
1108,Rfa8,85479
1109,R2xa5,441
1110,Rgd6,4560
1111,Rbf2,12369
1112,Rhf7,11916
1113,Nge6,11530
1114,Ndc3,18539
1115,N4g6,573
1116,N8d7,61140
1117,Red3,24317
1118,g8=R,5679
1119,Neg3,14502
1120,Nfg3,10323
1121,Rhc1,98577
1122,Rdxd7,14817
1123,Rdc7,25461
1124,Rcd2,31119
1125,g1=Q,258106
1126,Rgxf8,2400
1127,Ndf8,16542
1128,N4d5,7133
1129,Rbh1,7049
1130,Rdxb4,1242
1131,Rbb2,49531
1132,Ncxd5,25292
1133,Ncd8,2265
1134,Nde6,11679
1135,N6g4,1181
1136,Rdd2,130132
1137,e1=Q,222593
1138,R1c6,10120
1139,R8e7,54963
1140,R5e2,10761
1141,Rbe8,127087
1142,Nbxd7,85403
1143,Nfxd5,70254
1144,Rde5,10960
1145,Nbd3,11375
1146,Ngxf6,16395
1147,Kxa1,46997
1148,R2e3,13874
1149,exd1=Q,12325
1150,R1h6,6723
1151,Rch8,10499
1152,R1c7,7311
1153,Ned5,70705
1154,Rba7,5606
1155,fxe7,53941
1156,Rde7,40415
1157,Rgg8,24078
1158,Rae2,13222
1159,Rhf2,10934
1160,Nfh5,6540
1161,R2xd5,1050
1162,Nef3,59310
1163,Q8e7,914
1164,Red4,12753
1165,Red6,17444
1166,Raf3,3023
1167,fxe8=Q,12060
1168,R3d2,18555
1169,Rae4,3116
1170,Rfa3,1376
1171,R2a3,4077
1172,Rgf3,21217
1173,Rab4,6678
1174,Rba8,11789
1175,Ndxb4,6554
1176,R4d5,6564
1177,Rfd5,6887
1178,Rda2,3875
1179,Reg1,26392
1180,R6e7,15630
1181,Rbd7,17250
1182,R1f3,17926
1183,Rfd4,7439
1184,Rexe4,9296
1185,Rda8,12657
1186,N8h7,8812
1187,Ngxe2,40114
1188,Rge8,51989
1189,Rec8,144568
1190,Nac5,24010
1191,Rfxf7,30431
1192,Nfxg5,11302
1193,Qgf6,1412
1194,Rgh2,6619
1195,R3f7,4435
1196,Ndxb3,1002
1197,Rhxd8,3544
1198,R7f3,3907
1199,Rgxg7,14577
1200,R2d7,4719
1201,R6d7,14387
1202,Red7,43535
1203,Qbd3,2890
1204,Qce3,2909
1205,Qde2,2593
1206,Q3f2,232
1207,Qef3,1443
1208,Qfxf4,562
1209,Rdxd5,9970
1210,Rgd5,3563
1211,Rda4,2061
1212,N6h7,4071
1213,exf1=R,382
1214,Ngf5,16900
1215,R2xf5,683
1216,Nhxf3,3791
1217,R1d3,21244
1218,R5d4,6942
1219,Rda1,13339
1220,Nhg4,15521
1221,Rfxd6,2944
1222,Ref6,13041
1223,Rdb5,3238
1224,R8b7,15917
1225,exf8=Q,22486
1226,Qcc6,6594
1227,Qef6,1378
1228,Qcf6,687
1229,Qgxg6,637
1230,Qgxf5,221
1231,Q6e5,389
1232,Qeg3,2500
1233,Qhh2,4098
1234,Qgg1,4597
1235,Nfe7,38113
1236,Rbxe2,1727
1237,Qbg2,418
1238,Qhc1,839
1239,Rfd2,29321
1240,R2e7,4556
1241,R3d4,8442
1242,Nhf5,37190
1243,Rhxg7,2400
1244,Ree3,39280
1245,Ndxf5,4395
1246,Rhxf6,2047
1247,Qgb6,594
1248,Qbd4,1462
1249,Qee3,6331
1250,Qdd2,7758
1251,Rgb7,4252
1252,Rcxe4,2587
1253,N3e4,8223
1254,Rgd1,33984
1255,Ndxe3,3142
1256,Ref1,87833
1257,Qbd2,1790
1258,R1c2,31981
1259,Ref4,9222
1260,R4f5,6214
1261,R7xe4,1224
1262,Red2,51917
1263,Rexe1,2350
1264,Rfh5,4084
1265,R2xd3,1650
1266,Rdb1,41037
1267,Rdxf2,4866
1268,Rdf2,24715
1269,dxe8=Q,16849
1270,Nfe1,4456
1271,Rad3,5893
1272,Nexg5,13516
1273,Nec5,20381
1274,Qcc5,5385
1275,Qab4,848
1276,Qca5,1776
1277,Rce1,155061
1278,Nexg2,596
1279,Rexe7,14777
1280,R5g2,2674
1281,gxf8=Q,13818
1282,Ndb6,10432
1283,Rexd4,6593
1284,Nec8,4701
1285,N3d4,6797
1286,N4xd5,2024
1287,N7g6,19452
1288,Nhg6,6518
1289,Ngxf7,12499
1290,Ngxf3,9191
1291,Rha1,14944
1292,R1a5,2990
1293,Rbxb7,12457
1294,R4c6,5062
1295,Rfh1,10950
1296,Rhh7,20735
1297,Rbg7,10541
1298,R8d7,59716
1299,Rcc3,21166
1300,N1c3,25727
1301,Rhb8,57150
1302,Nexg4,13978
1303,Rhh1,28253
1304,Rcg1,19163
1305,R8f7,48422
1306,bxc1=Q,9758
1307,Rcf7,16085
1308,Nfd5,133519
1309,Rcxc7,13411
1310,Rexd1,18166
1311,R3e7,3881
1312,Rfb2,8627
1313,Red5,11498
1314,Rac5,6091
1315,R8c7,34540
1316,R7c6,10318
1317,cxd7,42461
1318,Nhf7,6598
1319,N6xe5,2526
1320,Nec4,20518
1321,Raxa7,10538
1322,N4g3,7691
1323,Rbxc1,8392
1324,Rgf6,17263
1325,R6f7,17043
1326,Rcxf2,4138
1327,Rbxb6,4848
1328,Qhh5,3668
1329,Qgg6,6738
1330,Qgg8,4960
1331,Rde6,16601
1332,Rdxg7,1871
1333,Rfe5,10275
1334,Qfd5,1895
1335,dxe2,51889
1336,Rgh5,5542
1337,Reb2,9190
1338,Rba2,4896
1339,N7b6,35783
1340,R5h4,1958
1341,R3b6,1636
1342,Qbe8,1346
1343,Qab8,1394
1344,Qee5,5691
1345,R6b2,1539
1346,R1b2,14948
1347,Raxa3,5490
1348,Qcc2,7149
1349,Rff3,28467
1350,Rhd2,8505
1351,R8a4,3094
1352,Raxc6,2698
1353,Nbxd5,63416
1354,Rdxf7,4992
1355,Ncd5,56175
1356,Qbd1,2119
1357,Reg3,8842
1358,cxb1=Q,8276
1359,R3e4,7207
1360,Neg6,16192
1361,Raxa8,704
1362,Nfxe6,4525
1363,Rab2,22360
1364,N5f3,5796
1365,gxh7,83728
1366,axb1=Q,12029
1367,Rac3,7728
1368,Rdh7,4026
1369,Rfxd3,2930
1370,Rcf8,61448
1371,gxh8=Q,10642
1372,R6e5,8964
1373,N5g6,9579
1374,Rcb6,6567
1375,Rcxc6,8030
1376,Rfg8,32297
1377,R4e2,11764
1378,Ngxf4,2889
1379,Rfxe8,11049
1380,Rbxc8,10727
1381,Rca4,3444
1382,Rec3,9688
1383,Qbf2,548
1384,Q1xg2,121
1385,R8h3,6661
1386,Nfg4,47900
1387,R1e6,16728
1388,Qbb1,5110
1389,Ref8,82922
1390,Q1d2,888
1391,Rhb1,51783
1392,Raxb2,3638
1393,Qed8,929
1394,Qce7,2301
1395,Qdf8,3062
1396,Qeg7,3835
1397,N1d2,37082
1398,R5f3,6984
1399,Rgg7,27576
1400,Rbe7,12855
1401,Nbxc6,9892
1402,Rge6,8784
1403,R5f6,10020
1404,Nab3,4634
1405,h1=R,5648
1406,N4b5,1858
1407,h8=N,2416
1408,Rcd7,30514
1409,R1xg2,968
1410,Ngh3,4183
1411,bxa7,38045
1412,Rbxc5,2036
1413,c8=R,4439
1414,Rhb7,4182
1415,Rce6,9203
1416,Rff4,13293
1417,N3g4,3013
1418,Qdc7,1872
1419,Qhc7,304
1420,Qhh3,3727
1421,Qhd3,365
1422,Qec2,4369
1423,Qdb3,2727
1424,Qca2,4820
1425,Rba4,3018
1426,R8xg5,781
1427,N4e5,6985
1428,Rde3,21915
1429,R8c3,12382
1430,Rexg4,865
1431,N6c5,1992
1432,R5b6,2881
1433,R4f3,11462
1434,Rdf7,23118
1435,R4e7,6932
1436,N2f3,65120
1437,Ncxe2,10462
1438,R7d5,6335
1439,Rac4,6506
1440,Nce6,12577
1441,Nde3,13622
1442,Nfe3,12367
1443,N5g4,2082
1444,Nge3,11534
1445,Qbb2,8525
1446,Nef4,29489
1447,R1xf2,2774
1448,N6d4,2077
1449,Nhxf4,4977
1450,Rdxf5,1967
1451,Nde1,1912
1452,Rfg7,15655
1453,Rec7,21145
1454,Rca7,5035
1455,Ndf5,23885
1456,Nexf5,6013
1457,Ngf2,3996
1458,Rcxd1,9729
1459,R3b2,4656
1460,R4e5,6407
1461,R4b2,2317
1462,R3b7,1871
1463,R7b6,5774
1464,Rhg2,28533
1465,N6xd4,517
1466,Qaa5,3579
1467,Qaxb5,154
1468,Reh1,11083
1469,Rfh8,10644
1470,Rce5,5917
1471,R7f6,11094
1472,Rfxg8,341
1473,hxg8=Q,9623
1474,Ndb4,48091
1475,Rfh4,4905
1476,Reb7,9088
1477,N2g3,19146
1478,Rac6,8331
1479,R5c3,4020
1480,Rdxc2,3346
1481,Qfe4,1331
1482,Raxd6,2251
1483,R6d5,9091
1484,R1b3,6072
1485,R5xe4,1901
1486,Qhg8,1481
1487,R1b7,5162
1488,Rgb8,8403
1489,Qaa6,4213
1490,Qbb7,8208
1491,Qaa8,3286
1492,Rca6,3942
1493,Rac7,16774
1494,Ncxd8,526
1495,Rhxe5,1621
1496,Rfg3,13548
1497,f1=N,2304
1498,Nhg5,13506
1499,bxa1=Q,14169
1500,R2b5,1567
1501,R8xf5,1636
1502,R1f5,5405
1503,N5c6,11902
1504,Nef5,32338
1505,Rdf6,9909
1506,R2xc3,2193
1507,R8c4,7548
1508,R6c4,2753
1509,Rbb3,13122
1510,Rdd4,17447
1511,Rdf4,6928
1512,Qbe4,2164
1513,Qdd3,6484
1514,Rbxd1,9057
1515,Nhf8,5607
1516,cxb8=Q,8723
1517,Raxe1,8410
1518,Rhxe4,1660
1519,R6h7,2186
1520,R8h2,9249
1521,Rbxb4,4571
1522,Rbe2,13315
1523,gxh1=N,64
1524,Rfxe7,4823
1525,Nba6,6515
1526,Rbc7,22341
1527,Rce3,10086
1528,Rgh8,14547
1529,R1h4,2803
1530,R8h7,9834
1531,Rfb3,2992
1532,Rgh1,16697
1533,R1h5,2871
1534,R1e3,24166
1535,Rgf5,10005
1536,Rcg2,10761
1537,f1=R,4136
1538,Raxb1,13065
1539,Rfd3,16697
1540,Rfh3,5895
1541,R1f7,8642
1542,Rfg6,11017
1543,R1xg3,655
1544,Rec4,5581
1545,Ndf4,23188
1546,a1=R,7400
1547,d8=R,3209
1548,Ncxd2,2390
1549,Rca8,13440
1550,R3a7,1009
1551,Rdxd6,10668
1552,Rexe5,10421
1553,R3e2,20995
1554,Neg7,1372
1555,Nhg3,5616
1556,N3f5,1189
1557,R8xh6,464
1558,N1h2,20921
1559,Neg8,7630
1560,Rcxc4,6030
1561,Nexc6,7074
1562,Rhd4,3810
1563,Ndxf6,14824
1564,Nbc7,6091
1565,R8d6,18076
1566,R1d4,10835
1567,R2e5,3822
1568,R5e6,8519
1569,N5c3,14129
1570,R2e6,4248
1571,Ncxd7,3250
1572,Nhf4,36069
1573,Rdg4,3527
1574,Rhe7,9073
1575,R6c7,9084
1576,Rda5,1984
1577,bxc8=Q,10135
1578,exd8=Q,16667
1579,N8c6,10695
1580,R3e5,3708
1581,Rdd6,30066
1582,Rdc6,9872
1583,Rae7,13604
1584,Rcc6,18648
1585,Qbb3,6485
1586,Qaa2,5221
1587,fxe8=N,247
1588,Ndxe7,15474
1589,Rfc2,16441
1590,Rgxg3,5175
1591,Rbxd7,2555
1592,N1a2,757
1593,R5e3,10608
1594,R4c3,4320
1595,Nfg8,5598
1596,Qaxc5,114
1597,Qfe3,1304
1598,Qed4,1260
1599,R8e2,13884
1600,Rhf3,12338
1601,Ndxf2,3508
1602,R8b5,2987
1603,Rac2,15283
1604,Qgd4,1698
1605,Rec5,5187
1606,Raxa5,4760
1607,Rab5,6527
1608,Rbc5,6166
1609,Rea5,1538
1610,R1a4,2347
1611,Qfh1,3895
1612,N4c3,8061
1613,R8g6,6079
1614,Ngf4,16624
1615,N6xe4,577
1616,Rea6,1695
1617,R4c5,4545
1618,Rcc4,13020
1619,Qgd2,767
1620,Qdb2,5048
1621,N7c5,3061
1622,Ndxe6,4458
1623,hxg8=B,40
1624,N6d5,8529
1625,Rbd6,7901
1626,N3b4,1185
1627,Rbf7,12680
1628,Rexd7,5745
1629,Rexe8,2307
1630,Nfg1,4458
1631,N1e2,22690
1632,R8a2,5462
1633,h1=N,1989
1634,N7xg6,1351
1635,Q1d5,255
1636,Ned6,14610
1637,R1g6,3967
1638,Qgf8,1249
1639,Qdg8,919
1640,R2f7,3873
1641,Raxf7,2693
1642,Rhg7,30798
1643,Qge1,2147
1644,Rge2,11405
1645,Rbxe1,1220
1646,Rgc1,13560
1647,Rgh7,5954
1648,Rbxe4,1501
1649,Rhe2,8016
1650,Qff6,6974
1651,Qgg7,8470
1652,Qff8,5059
1653,Naxc5,5132
1654,Rfc7,16063
1655,Qfe2,2362
1656,Qcxe4,159
1657,Rexe6,13270
1658,Nhg8,2154
1659,Nfd6,10438
1660,N8a7,1292
1661,Rexf5,3499
1662,Rcf5,2860
1663,Rde4,11393
1664,Qef2,2068
1665,R8e4,9486
1666,Rdxf3,2519
1667,Ree5,17770
1668,R2xf3,1752
1669,Reh3,2970
1670,Nfe2,24068
1671,b8=R,5127
1672,Reg4,5085
1673,Rha8,15979
1674,R1a2,10153
1675,Rcxa2,1745
1676,Rbxa5,1870
1677,R5e7,9214
1678,Rfxa7,717
1679,R1a7,5532
1680,Rgxg6,6247
1681,Rdg3,6461
1682,R1e7,15215
1683,R5a6,1963
1684,Rdb2,8597
1685,Rcd5,8892
1686,Qbf8,906
1687,Rcxd3,3452
1688,Rexd6,5437
1689,Rgd2,8605
1690,Rbd5,5628
1691,g8=N,2276
1692,Rexf7,4244
1693,Ree4,18002
1694,Raxb3,2476
1695,Rdxd2,11726
1696,Ncxb4,6036
1697,Rfg2,15945
1698,Ncb6,11273
1699,N2c3,16122
1700,Nexc5,5341
1701,Rgd7,8598
1702,Rfd7,26691
1703,Rbxb1,1142
1704,N8e6,1253
1705,Rfxf6,9063
1706,Rcf6,4343
1707,Naxc3,2617
1708,R3h2,2443
1709,N5e4,8378
1710,Qga8,237
1711,Rgh4,6114
1712,R7h5,1334
1713,R2h5,945
1714,Rcf3,5031
1715,R3f4,7042
1716,Rhh5,5854
1717,Rbh5,477
1718,R5xa7,157
1719,Rab3,9883
1720,Nfg5,67116
1721,N8f6,6230
1722,Rhg5,10533
1723,Rdb4,3480
1724,Rgb2,4407
1725,Nfxd7,11676
1726,Rbb4,7977
1727,Rbf4,2041
1728,Reg5,4899
1729,Rff6,23034
1730,Rgb6,1144
1731,Raa3,11847
1732,Qed2,1978
1733,Q1c1,493
1734,Qcb2,1490
1735,Qac4,1002
1736,Nhxf1,595
1737,R8xc7,2039
1738,Rbg2,10383
1739,Rhxh3,4498
1740,Rcg7,10896
1741,Rfd6,12016
1742,N2e4,5444
1743,Raf7,15289
1744,N3e5,2795
1745,N3xc4,606
1746,Rcxc3,9399
1747,Nec7,5293
1748,R3c4,6629
1749,Qaxd5,283
1750,Qhc6,899
1751,Q1c2,678
1752,Raa2,39354
1753,Ngxf5,3485
1754,Ndxf7,5541
1755,Rgf7,25170
1756,Rdxa2,1307
1757,R2a4,1639
1758,Nab4,11806
1759,Rce4,6182
1760,R8xc3,1106
1761,Qee7,7635
1762,Qfe6,1327
1763,Qdc6,1121
1764,Raxa4,5082
1765,R2xa6,278
1766,Raf5,1810
1767,Ngxe3,3542
1768,Ncxe7,17217
1769,R8d4,10921
1770,Rhxh6,4657
1771,Rbb6,12141
1772,N5b6,12652
1773,Rbxa4,1935
1774,Nfd1,1264
1775,Qbb5,5408
1776,Qac6,2855
1777,Rfxc4,976
1778,R8c5,5713
1779,Raxb8,14302
1780,R5h3,1309
1781,Rhe3,6815
1782,N8h6,1014
1783,Nexf7,5376
1784,bxa8=Q,15143
1785,Qdd4,5710
1786,Qed3,1254
1787,Q3c3,309
1788,Qdb4,2188
1789,Qca3,2088
1790,Ncxd6,3741
1791,R1g2,18881
1792,Q2f5,94
1793,Qcd7,2624
1794,Qde6,1358
1795,Qfxf6,566
1796,R5c2,4566
1797,Rgxg1,747
1798,Rgb1,8047
1799,R8f3,8806
1800,R8f2,8149
1801,Rexb6,857
1802,Nbc4,14580
1803,R1g4,2726
1804,Rcxc1,2050
1805,bxc1=N,87
1806,Nhxg6,2035
1807,Ned3,14847
1808,Raxd3,1940
1809,Qcc3,6627
1810,Qae1,1627
1811,R3g2,6170
1812,Raxf8,3616
1813,Qaxg7,163
1814,Nbxd3,3126
1815,R7e2,5605
1816,Qhxf5,138
1817,Ndb2,901
1818,Reg7,9116
1819,Qaa1,3321
1820,Rgxe3,1570
1821,Rcb7,12675
1822,Rcxe7,2975
1823,Rdf5,6354
1824,R4h6,1329
1825,Nce8,6211
1826,Rgxe2,1067
1827,R1xe3,2442
1828,dxc1=Q,10482
1829,Rch3,839
1830,Rexd3,5195
1831,Nexd2,8052
1832,gxf1=Q,10051
1833,Qcf1,979
1834,Q1f5,197
1835,Qaa3,4473
1836,R6f2,4823
1837,Rbxb5,4280
1838,Rcxa7,2061
1839,Nec1,3412
1840,Nexg3,2004
1841,N1g2,455
1842,Raxe2,1361
1843,Reg6,6374
1844,R6g7,6253
1845,Rae5,3093
1846,Rae6,4287
1847,Rfh2,3752
1848,R6e2,5412
1849,Nac8,2399
1850,R1d6,18094
1851,Qbd6,2517
1852,Qgf7,2970
1853,Ncxe3,4565
1854,Rfxg5,1497
1855,Ndxb5,13950
1856,Qad4,2677
1857,Qee4,5980
1858,N1g3,1280
1859,Rfc3,5797
1860,N1f3,16702
1861,R8c2,8056
1862,Raf4,1976
1863,R4f2,10311
1864,Ncd6,14402
1865,N8g6,1400
1866,R5xf7,284
1867,Rfxe1,11468
1868,Rcxc5,5836
1869,Rcg3,2576
1870,R4d3,9409
1871,Rdb7,8861
1872,Nbxc2,2253
1873,Nhxg4,2801
1874,Qfxf7,529
1875,Rgg5,6463
1876,Rcg5,1417
1877,Ndc7,4166
1878,Nac7,12110
1879,R2d4,6291
1880,Ngh7,2839
1881,R7xc5,1010
1882,Rcxb8,477
1883,axb8=Q,12689
1884,R7d2,5420
1885,Rbxc7,3170
1886,gxh1=Q,7009
1887,Nca6,5058
1888,R1c5,5976
1889,R6c3,2471
1890,N6a4,104
1891,Nexf4,5644
1892,Qfa3,300
1893,Qac2,1121
1894,Rbxe8,1609
1895,R8a7,10192
1896,Rfa7,3147
1897,Ncb7,726
1898,R5f4,6131
1899,Ngxh4,709
1900,Qgg5,5840
1901,Qhh6,4082
1902,Ndb8,8023
1903,Rcxa4,1619
1904,R1e5,10883
1905,R2xa3,940
1906,Rdh4,2947
1907,R7xc2,282
1908,Rbxd8,11455
1909,R8f5,6848
1910,R5a4,1864
1911,Reb5,2172
1912,R6f5,6697
1913,R6f3,4941
1914,Rcb1,39973
1915,R7g3,1945
1916,Raxd2,2347
1917,Raxb7,3582
1918,R7d6,16770
1919,Rexb5,894
1920,R1xc7,211
1921,Nef7,4118
1922,Ngf7,6328
1923,h8=R,6938
1924,Ndxc5,11104
1925,N2b4,1519
1926,N2d4,3816
1927,Nexf6,6472
1928,Rexb7,2016
1929,R6xe4,1068
1930,R1e4,10727
1931,Rge4,6708
1932,R6e4,4562
1933,Qge5,1639
1934,Qec3,2620
1935,Qcc1,5115
1936,R2b3,6003
1937,Rhxd4,1315
1938,Qhh4,3541
1939,Rbd2,15921
1940,Rag4,1148
1941,Rhg6,14229
1942,Nfh6,2195
1943,Rcb5,4313
1944,R7d4,4317
1945,Rgd8,33504
1946,Nfe6,11305
1947,R7e3,4969
1948,Rfxh4,661
1949,Nexf3,4871
1950,Rcxd2,3964
1951,R8d3,16778
1952,Nexc2,1490
1953,Rga3,678
1954,Rea7,3823
1955,Ngh5,4362
1956,Ndb3,8232
1957,R8c6,11426
1958,N4b3,9031
1959,Ngf8,6506
1960,Rda3,2215
1961,R1a3,3824
1962,Rexd8,12434
1963,Rba1,11781
1964,Rhxg5,2326
1965,Rdxd3,10143
1966,fxe2,31970
1967,Rcxe6,3034
1968,Qfg6,1015
1969,R8xf7,2831
1970,Nac2,9518
1971,R8xd3,1192
1972,fxg8=Q,7573
1973,Qhg2,2791
1974,Qff3,6958
1975,Qfh3,1719
1976,Ndf2,4041
1977,R7d3,4611
1978,Rhxh7,8914
1979,Qff2,7278
1980,Qgg3,6337
1981,Rhxg2,1990
1982,R2f5,2964
1983,R4xg6,175
1984,Ngh2,3844
1985,Rdc3,10540
1986,N3h4,11813
1987,Rexd2,5251
1988,Ndxf4,4389
1989,Rcb4,4321
1990,Rhc7,5484
1991,R6b5,2766
1992,R5b3,2182
1993,Rga5,542
1994,Rff5,12665
1995,cxd8=R,274
1996,R1xe5,2455
1997,R3xf4,1205
1998,Nec2,3769
1999,a8=R,6770
2000,Rdxc3,3759
2001,Rhc4,1733
2002,Rbxc6,2622
2003,Raxf2,2642
2004,Ref5,8746
2005,Rgxf3,2081
2006,Rdb6,4779
2007,Rhd7,8113
2008,Rba5,3303
2009,R5b4,2458
2010,Rfh6,4634
2011,Neg1,7586
2012,Reh6,1936
2013,R1a6,5413
2014,Rhxf8,12927
2015,Nde8,2058
2016,Raxa6,5671
2017,Rha3,593
2018,R3a6,957
2019,Reh8,9659
2020,Reg2,8764
2021,dxc8=Q,12805
2022,Nbxc5,2436
2023,Rcxb7,2444
2024,Qde8,1219
2025,Qef8,879
2026,Qfg8,597
2027,Q4g6,197
2028,Rgg3,10733
2029,a1=N,2496
2030,Qgf4,1151
2031,Q3e3,341
2032,Qfd4,1788
2033,R5d2,7622
2034,R4d7,6506
2035,*,4001
2036,Rhxe8,2960
2037,R2d5,3771
2038,N6e5,6438
2039,Rcxd6,4365
2040,R7f5,4049
2041,Rae3,4559
2042,Nbc8,3910
2043,R2e4,6140
2044,Qcc4,5473
2045,Rexf1,1433
2046,R8e5,9158
2047,Raxf3,1113
2048,R8b3,5565
2049,Ndc2,3235
2050,N4e3,921
2051,Ngf1,4655
2052,Rbxa2,2597
2053,d8=N,1916
2054,Reh7,2553
2055,Q8h6,208
2056,Q5g6,248
2057,Rad7,14855
2058,R5xg6,213
2059,Raa6,10554
2060,Rbc3,9843
2061,Raxb4,2595
2062,Rdh2,5625
2063,R3c2,7958
2064,Qhe4,2148
2065,Rfxc8,11421
2066,Rfxe5,4431
2067,Rdxd8,2707
2068,Qbc3,1399
2069,Rgxd7,1248
2070,Rdf3,12717
2071,Rfxc6,1256
2072,Nexc3,5851
2073,Rfg4,7251
2074,Rag2,10898
2075,R2g3,5687
2076,R7g4,1694
2077,Rgc4,1871
2078,R1c3,11020
2079,R8e3,14259
2080,Rhg3,15766
2081,Rcb2,11113
2082,Naxc2,369
2083,Ndxc8,237
2084,N6h5,10748
2085,N5f4,3024
2086,Rgg2,26872
2087,R5xf6,695
2088,Nab5,11542
2089,N6f5,2584
2090,R1g5,2304
2091,Rdxf6,2496
2092,R4e3,10765
2093,N5d4,5240
2094,R7g6,5609
2095,Rbf6,3053
2096,N1e3,1338
2097,R7xb5,762
2098,Rbe3,5053
2099,Qexe4,434
2100,Qed5,1385
2101,Qcc8,4801
2102,R5d7,9348
2103,Raxc3,3137
2104,R1h7,11713
2105,Rad4,4218
2106,R7xf6,1792
2107,N4h5,2808
2108,Qfc4,1364
2109,Rhxh2,7091
2110,Rdxh7,902
2111,Rec6,7359
2112,Rexc4,1957
2113,Rgc7,6216
2114,Rfxd2,3141
2115,Qfb8,601
2116,Qca7,5153
2117,Rexc7,2828
2118,Ncxb5,8606
2119,Nbxc8,419
2120,Rcxd8,12657
2121,Nfh3,2567
2122,Qbh7,331
2123,R6b3,1570
2124,R1b5,2900
2125,Rdxf8,3520
2126,Rgxe8,725
2127,R7g5,2407
2128,Rexa4,638
2129,R4xe5,1538
2130,Rbe6,4454
2131,Qad1,1676
2132,R6a5,2192
2133,Rdxe2,4282
2134,N6e7,7761
2135,Rdg6,4885
2136,Reb3,3919
2137,Q4h2,88
2138,Rgxg5,4030
2139,Raxe7,1898
2140,Qad8,1696
2141,Qef7,2096
2142,Q7g7,432
2143,Qfh8,3926
2144,R7xc6,2190
2145,hxg1=Q,7721
2146,Nfxd2,12173
2147,Nge1,583
2148,R8xd7,2834
2149,R7xd5,1455
2150,Raa4,6598
2151,Ncb8,6550
2152,Qcb7,1519
2153,Q7a7,224
2154,R1xa4,781
2155,Rda6,2140
2156,Naxb5,2287
2157,R4e6,6667
2158,R5c6,4613
2159,Rdxe1,2730
2160,Rgh3,7760
2161,R1h3,3536
2162,Rcxe5,2633
2163,Rfxe6,5516
2164,N7e5,4767
2165,Nce1,4752
2166,Rhxc4,465
2167,Raa5,6065
2168,Rch4,782
2169,Rgg4,6578
2170,Nca4,2274
2171,Ngh6,4721
2172,Qda7,381
2173,Q7a2,29
2174,Qdxd2,276
2175,R2xe3,1958
2176,Raxd7,2923
2177,Rcxb2,2316
2178,Rcc5,11434
2179,Qgxe5,109
2180,Qee2,7784
2181,R1xe2,2719
2182,Rdxe3,4455
2183,Rbxb2,12797
2184,R3c5,3079
2185,Nef8,1383
2186,Qdc3,1073
2187,Rfxc5,858
2188,R6xd7,555
2189,Nhf2,4841
2190,Qfxb6,49
2191,Qac7,1092
2192,R3d5,4559
2193,Rdh5,2226
2194,R3a4,2226
2195,R8a5,2422
2196,Ncxa4,606
2197,Qeh7,337
2198,R4b5,2412
2199,Qhf8,2052
2200,R6b7,4758
2201,R1xe6,2119
2202,N1a3,1397
2203,Nca3,3441
2204,N3b5,942
2205,c1=R,4427
2206,e1=B,669
2207,Ncxe6,5682
2208,R6h5,1995
2209,Qhf7,1195
2210,Qge8,2168
2211,Naxc8,242
2212,R4d6,5579
2213,e1=N,2025
2214,Qgg2,7624
2215,N2g4,1586
2216,Rcd3,14724
2217,Rca2,4473
2218,Ndxe2,11416
2219,Nfe8,6268
2220,Rhxd1,3207
2221,R5g7,3403
2222,N6a5,3471
2223,R2c3,11596
2224,Rfg5,6547
2225,Rch1,8872
2226,R2h3,3942
2227,Qfd6,2923
2228,Qed7,2154
2229,Qdb7,5119
2230,Naxc4,5591
2231,R7c5,4416
2232,Rbc4,6206
2233,Rhe4,5027
2234,Qgf2,2530
2235,Rdxg5,656
2236,Rhd6,3455
2237,Qbf1,893
2238,Qff4,6058
2239,Q3e2,355
2240,R4xg3,193
2241,e8=R,3335
2242,Rgxf5,2098
2243,Qba2,301
2244,N7xf6,5868
2245,R5e4,8287
2246,Nhxf2,927
2247,c1=N,2142
2248,N7b5,1894
2249,Qed6,1283
2250,R2c6,2929
2251,Rcd6,13455
2252,R4c7,6091
2253,N8b7,227
2254,Rdxe7,5193
2255,Rhxh5,3845
2256,R6g5,3173
2257,Rfxc2,2378
2258,Nexd7,10581
2259,Ngxe6,7914
2260,N6xh5,677
2261,R7a6,3922
2262,Rcxe2,2243
2263,Qfxg5,311
2264,Q4d7,107
2265,Rbxg7,810
2266,R2g7,1981
2267,Rbxe3,1322
2268,Nexd6,3578
2269,Rfxe2,3978
2270,Rexa2,1119
2271,N4a6,4676
2272,N7f5,2102
2273,fxg1=Q,4419
2274,N1c2,1005
2275,d1=R,3393
2276,Rba3,4051
2277,Qhf6,3269
2278,R2h7,1085
2279,R6c2,2838
2280,N5xa4,330
2281,Rch2,1309
2282,Rbd4,5752
2283,N3d5,2662
2284,Qbg7,396
2285,Qff1,4971
2286,N7d5,4839
2287,Rdxa4,979
2288,Rad5,4345
2289,N6e4,2396
2290,Nbxc7,2531
2291,Rcxb3,1871
2292,Rgxe6,1851
2293,R3h4,2175
2294,Rdxb2,1815
2295,Nfh1,156
2296,Nfxg3,1651
2297,Q1f6,100
2298,Q6e6,327
2299,Qfd7,2952
2300,Qec6,2772
2301,Qca6,2126
2302,Rexb4,864
2303,Qde7,2548
2304,Qfd8,3219
2305,Nexf2,3275
2306,Rhe6,4910
2307,N8c7,1235
2308,R6g4,1864
2309,R5xd6,870
2310,Rexc3,2703
2311,R8h5,2505
2312,b1=R,5439
2313,Rhxh4,3575
2314,Rexb2,2037
2315,Qhe1,1558
2316,Rdxa3,1099
2317,Ncxd3,3003
2318,Rgxh3,982
2319,R5h6,2219
2320,R5c4,3887
2321,R6xa5,583
2322,R5a3,1425
2323,Rhd3,5215
2324,Rdxc5,3059
2325,Rfxb6,433
2326,Rdxe5,6726
2327,Qaa7,4895
2328,Qbb6,6307
2329,Rcxb4,1833
2330,Rdxf1,3928
2331,Rhxe2,1281
2332,R3xd5,883
2333,R7xd4,1233
2334,Q1xb7,22
2335,Rbxe5,1487
2336,Rhc5,1580
2337,Rdb3,5179
2338,Rbxf1,402
2339,Rcb3,6018
2340,Rhxc8,1756
2341,R6e3,4371
2342,Rhxd5,1176
2343,Ndb7,918
2344,Rexe2,10454
2345,R6d3,5235
2346,R5f2,6269
2347,Rbxb3,5642
2348,Ndf7,4540
2349,R5c7,4825
2350,R8xd6,2397
2351,R4a3,2265
2352,N3f4,2779
2353,Rbxf2,3053
2354,Nexc4,8307
2355,R4xf5,888
2356,Q7e6,353
2357,Qfe5,1441
2358,Q5d5,336
2359,Qec4,2015
2360,R7h6,4034
2361,Rfxe3,4683
2362,Rca1,12524
2363,R8xe6,2263
2364,Rdxc8,2079
2365,Rdg7,13374
2366,R3xd4,1757
2367,R5xd3,558
2368,Rbg6,1456
2369,N3b2,86
2370,Rfxg7,1662
2371,Qdg6,520
2372,R7xe5,1249
2373,N5xd6,110
2374,Qgb3,714
2375,R6xd4,1138
2376,Reh4,2516
2377,Rcf2,16214
2378,Qgd7,902
2379,Qdb6,2738
2380,Nhxf6,4892
2381,Rbxc2,3364
2382,R3a2,2379
2383,Rbxd4,2146
2384,Rcxe8,1967
2385,R3d7,4903
2386,R3d6,3741
2387,R2d6,4088
2388,Qda2,360
2389,R6xg7,237
2390,R8b2,5055
2391,Rcxf5,990
2392,Qdf6,2606
2393,Qeg5,1875
2394,Qfh6,1667
2395,Q5e4,394
2396,Q4e3,327
2397,Ncxb6,1028
2398,R1xb5,762
2399,Ncb2,610
2400,Qdg1,875
2401,R4xd3,743
2402,Qexg3,441
2403,Nbxc4,3578
2404,R2xd4,1243
2405,Rexf8,1945
2406,R1xb4,990
2407,N3a4,2522
2408,R1f6,8709
2409,Naxc6,3135
2410,Rbf5,1846
2411,N5xc6,491
2412,R2g5,1591
2413,R8f4,6003
2414,R3c7,3685
2415,Qge2,2116
2416,Qfd1,3091
2417,Qdb1,4883
2418,Rexg2,1503
2419,R5xa4,451
2420,Ncxa3,244
2421,R3xc2,340
2422,R2f6,3664
2423,N4f5,3097
2424,Qab7,3026
2425,Q8c8,455
2426,Qbd7,1808
2427,Qce8,2900
2428,Qdf7,3396
2429,Qeg8,3839
2430,Qfh7,3726
2431,Nef2,3382
2432,Qcc7,7145
2433,Q4e5,375
2434,Raxc2,3156
2435,Qfc7,771
2436,b8=N,2084
2437,Ndxf8,1312
2438,Qad7,543
2439,Q7e7,685
2440,Qfg5,995
2441,Qab2,3254
2442,N3xd4,2034
2443,R2xb3,1727
2444,Q2a1,71
2445,R5b7,2445
2446,R2g4,2323
2447,Qaxd4,304
2448,gxf1=N,222
2449,Q8g4,122
2450,Q3f3,292
2451,Rbxd2,2157
2452,Rhf5,8450
2453,Qae5,1890
2454,Qbd5,1381
2455,R1xf5,1351
2456,Qge6,2816
2457,N6b4,813
2458,Raxe6,1797
2459,R4b7,2288
2460,Qge3,2694
2461,Rch7,1154
2462,Rdxg2,2029
2463,Ngxh5,776
2464,R8xg6,650
2465,R1b4,3040
2466,Rdxd4,9895
2467,Q7b7,440
2468,R1xc4,1692
2469,Rexf3,3125
2470,R4xg5,489
2471,R7b4,1698
2472,R4b3,3049
2473,Qdd6,6196
2474,Qcd8,1244
2475,Qec5,2109
2476,Rdxf4,2323
2477,Qch8,461
2478,R8xb4,725
2479,Qdf1,2900
2480,Qcf2,680
2481,Qac8,1993
2482,Raxe4,1266
2483,R5g4,3304
2484,Rbxb8,1252
2485,Qch1,433
2486,Qdg2,676
2487,Raxc5,2057
2488,Qhf3,2833
2489,Qfc3,718
2490,Qfc6,665
2491,Qce6,2744
2492,Qeg6,2460
2493,Nab7,1285
2494,Qhe5,2420
2495,R3xd2,608
2496,Qaf3,1133
2497,R3c6,2783
2498,Qbe2,799
2499,Qeg2,3830
2500,R3f6,4393
2501,Qdh1,609
2502,R3g4,3284
2503,Qbc4,1121
2504,Q1f4,258
2505,Rgd3,6782
2506,N1h3,944
2507,Raxc7,3095
2508,R1c4,5392
2509,Rcxe3,2207
2510,N1xd2,1573
2511,Qbb8,5218
2512,N2e3,1357
2513,N6a7,419
2514,N6b5,1226
2515,Rcd4,8856
2516,Rfxf8,2845
2517,R6d4,5416
2518,R5xf4,881
2519,Rbe4,3003
2520,Nbc2,3848
2521,Rgxd5,1359
2522,Qdd8,4972
2523,Nhxf5,6011
2524,R8xc4,1162
2525,Qcxc6,404
2526,Qbxb6,344
2527,Nbc1,3042
2528,N7xh6,156
2529,Rgxe7,1519
2530,Rdxa5,942
2531,d8=B,704
2532,Qfg2,1529
2533,Qhh1,2927
2534,Nfxe7,2621
2535,Rhxd3,1159
2536,Rbxa7,2909
2537,R5g3,3000
2538,Qbxf3,91
2539,Rdxe8,3614
2540,Qaf1,1087
2541,Raxa2,10411
2542,h8=B,1377
2543,g8=B,1071
2544,Qca1,5136
2545,Nexc7,1973
2546,Qhxf1,107
2547,Rexf4,3368
2548,N2xe4,1215
2549,Reh2,3035
2550,Nba3,5156
2551,N6g5,2101
2552,Rdxe4,5897
2553,Neg2,1172
2554,Nbd1,402
2555,Qhb7,645
2556,Qaxa7,384
2557,Qcd5,1348
2558,R7xa4,420
2559,N5a4,1250
2560,Qda4,540
2561,R4h5,2081
2562,N5d6,846
2563,Qdd5,5687
2564,Q4d5,384
2565,Q5e6,320
2566,Qhg6,1022
2567,Qfh4,1549
2568,Rdh6,2437
2569,N6xd5,2319
2570,Rag7,10855
2571,Qhg3,987
2572,Qfd3,2755
2573,Qdb5,2281
2574,Qca4,1846
2575,h1=B,1040
2576,f1=B,838
2577,Bhd5,7
2578,Rcxb5,1871
2579,Rcxf4,1315
2580,Nfxg4,9984
2581,R7h4,1156
2582,Rcxf6,1481
2583,N6f4,1148
2584,R4xf2,265
2585,R2a5,1092
2586,R8g2,4352
2587,Qaa4,3745
2588,N3xe5,882
2589,N7d6,1218
2590,Q4d3,316
2591,Rhxb3,270
2592,Qaxc3,352
2593,R8xg7,1054
2594,Qdc2,1846
2595,Qexf5,347
2596,Nfxd6,3680
2597,Rcf4,3176
2598,Qcd2,2787
2599,R2xd7,331
2600,Rgc2,6169
2601,Q8e8,549
2602,Qda1,402
2603,Qbb4,5494
2604,Nfxg6,2416
2605,Rgb3,1375
2606,Rda7,4075
2607,R4a7,1167
2608,Nfxd3,2889
2609,Rcxe1,1366
2610,Rdxd1,2541
2611,R8a3,5701
2612,N2xb3,1017
2613,Qgxf7,352
2614,Qfb7,558
2615,Qca8,5405
2616,Rfxc7,2220
2617,N3c4,2169
2618,R6f4,4970
2619,R1xd4,3512
2620,N8a6,1614
2621,Rhxg3,1823
2622,Nfxe3,3178
2623,Nba7,795
2624,g1=R,4872
2625,R8xf4,1203
2626,Nab2,1147
2627,Qeg1,3565
2628,dxe1=Q,13717
2629,Rgc6,2168
2630,N4h6,1496
2631,R6d2,7016
2632,R8xd4,2093
2633,Nfxh7,1091
2634,Ngh4,4064
2635,Q8xg6,86
2636,N7xd5,1027
2637,Rfxc1,10771
2638,R5xe3,527
2639,R8g3,4206
2640,N8d6,1225
2641,N5xb4,237
2642,Q1e1,511
2643,Q2d2,644
2644,Q2b2,454
2645,Rbxf5,509
2646,dxe1=R,271
2647,Qcxc8,95
2648,N5h3,1445
2649,Qbg1,735
2650,Qdf2,3249
2651,Qfg3,953
2652,Rbg4,1096
2653,N8xe7,1501
2654,N1xf3,261
2655,Nbxd6,4563
2656,R6xf5,1339
2657,Qec7,4412
2658,Rexd5,7091
2659,Rgxf7,2807
2660,Qgf5,1248
2661,Qhxh4,344
2662,Rdh3,3856
2663,R3h6,1053
2664,Qaxc6,284
2665,Rdxc7,3507
2666,R7xf2,294
2667,N4a3,192
2668,Ngxf2,4805
2669,Qcg8,821
2670,Qgxg7,584
2671,Qhc8,921
2672,Qef4,1297
2673,R2xe5,1086
2674,N3g5,1504
2675,Rdxc6,3661
2676,Rdxc4,3342
2677,Q1d3,568
2678,Raxb5,2566
2679,N4f6,4602
2680,R6g2,1996
2681,Rah3,625
2682,Rca3,3588
2683,R3a5,1114
2684,Rcxg7,1161
2685,Qec8,3743
2686,Qah8,509
2687,Qgd8,1331
2688,Qce5,1646
2689,Qdf4,1819
2690,Rbxh2,282
2691,R2xh4,231
2692,Qhd5,1382
2693,Qcb8,623
2694,Q8a8,247
2695,Rexa1,103
2696,R3xe4,1214
2697,N3xh4,727
2698,Rhxg1,3154
2699,Rea4,1599
2700,Qcd3,1427
2701,N4xc5,456
2702,Rexf6,3600
2703,R1xc5,1190
2704,R7f2,4207
2705,R3g7,1922
2706,Rbg3,1655
2707,Qga1,226
2708,Q1a4,125
2709,Q6e2,83
2710,R1g3,6226
2711,d1=N,1909
2712,Raxf1,2390
2713,Rbxc4,2384
2714,Rexh2,618
2715,R7xc4,940
2716,N8xd7,2524
2717,Rhc2,5150
2718,R6c5,5486
2719,Rfxb2,1264
2720,R7g2,2075
2721,R8b4,3375
2722,R3h7,1371
2723,Rdxb7,1954
2724,Rfxb7,1179
2725,Rgxg4,3959
2726,Qcxf6,156
2727,Qbh8,392
2728,Qaf6,1144
2729,Qdf3,2808
2730,Qeg4,1921
2731,Rgxf6,2099
2732,Qhh8,3106
2733,Qcb3,897
2734,R2xe4,1047
2735,R8xe5,2986
2736,R7xb6,1522
2737,Rgxa2,222
2738,N6h4,79
2739,N2d3,1299
2740,Rbf3,3430
2741,Qhd4,1661
2742,Qfxg8,63
2743,c1=B,927
2744,Rbxc3,2889
2745,Rea3,2171
2746,R8xd5,2870
2747,Qeh6,274
2748,Rdxc1,2312
2749,Rcxd5,4474
2750,Qgc7,529
2751,Qdb8,5091
2752,Nbd8,553
2753,Nhg7,1657
2754,Q8d7,897
2755,Qhb1,584
2756,R5xd4,1470
2757,Nhxg2,794
2758,Nbxa4,720
2759,Rexc6,2368
2760,Rdxe6,5855
2761,Rdg5,3191
2762,Rga1,3143
2763,Qgc5,995
2764,R1xd5,2854
2765,d1=B,773
2766,Rfxg2,1646
2767,Qdg4,1096
2768,N6xa4,28
2769,Qbxg5,32
2770,Rgxh5,1115
2771,Q5d6,300
2772,Rhxc2,630
2773,Q2e1,102
2774,Q2f1,82
2775,R4g2,3476
2776,Qdxf3,553
2777,Qbxf5,253
2778,Q7b2,43
2779,Q2c1,85
2780,Rfxa2,715
2781,Q1c7,72
2782,Nba4,2211
2783,R7c2,3511
2784,R1b6,5232
2785,Rgxd8,788
2786,Rcxb1,449
2787,Ndxf1,1096
2788,Nfg7,724
2789,Rca5,3367
2790,Qde3,1502
2791,R4a2,1694
2792,Rgxf1,2109
2793,R3e6,3399
2794,R1xd7,435
2795,N4c5,1989
2796,R1xf7,215
2797,R1xb3,979
2798,Rbxe6,1807
2799,Rhxe6,2008
2800,Rhh3,8931
2801,Qfe7,2639
2802,Rfxh2,799
2803,Q3b4,200
2804,R7xd2,334
2805,Qbc6,1278
2806,Rexg5,958
2807,Ncxa7,539
2808,N8xh7,270
2809,R2b7,2155
2810,N5xf6,1477
2811,Qeb3,460
2812,Q3b5,109
2813,Nab1,3160
2814,Rgg6,10030
2815,Nhxf7,1638
2816,R5g6,4169
2817,Rexc5,2026
2818,Ndxc6,2368
2819,R8xh5,506
2820,Rexf2,3899
2821,Rag6,1598
2822,R5d3,6693
2823,N2xd4,1043
2824,Nfxe2,1467
2825,R6xc5,946
2826,Rcxg2,1402
2827,Rhxb4,225
2828,Rag5,1046
2829,Nba5,2065
2830,Rgxc2,658
2831,R4g3,4150
2832,Qhxf6,434
2833,Rdxa6,1265
2834,Qdc8,745
2835,Q1c6,134
2836,Qbxd3,222
2837,Raxf6,1013
2838,cxd8=N,168
2839,N4xc3,397
2840,R6xe5,1736
2841,Rga8,3222
2842,R4g5,3101
2843,Rhb4,1021
2844,Qea5,361
2845,R2g6,1828
2846,R5h2,1334
2847,Nexg6,2461
2848,Qag1,941
2849,Qag3,160
2850,R1xe4,3608
2851,Qce1,2724
2852,R7xh5,258
2853,Nhxg3,1433
2854,Rcxd4,4569
2855,Nfxh6,690
2856,Qch5,78
2857,R6a3,968
2858,Rfxd5,2655
2859,Qfxd3,166
2860,Qcb6,822
2861,R2b4,2670
2862,Qde4,1483
2863,Qde1,1183
2864,Q8e3,120
2865,N5xb6,322
2866,Qcxf1,70
2867,R6xc3,439
2868,Qce2,2372
2869,Rdc4,7046
2870,Raxg3,452
2871,Qfxf1,77
2872,Qbxb7,340
2873,Rfxh3,747
2874,Nexf1,211
2875,Rfxe4,4220
2876,N7g5,1912
2877,Q1b4,192
2878,Q4c4,301
2879,Qgc1,798
2880,Rhxf5,1829
2881,Rbxe7,2180
2882,R1g7,4276
2883,Qbf7,570
2884,N7xc6,1183
2885,Ndb1,5467
2886,Q8d6,598
2887,R6a4,1165
2888,Qag8,933
2889,Rfxd7,3855
2890,Rfa4,878
2891,Rgxd3,1282
2892,Qgf1,1132
2893,N3xb5,141
2894,Q8d8,556
2895,Q3xf3,70
2896,N5xf4,513
2897,Qdg7,669
2898,R8xb3,717
2899,N7e6,1542
2900,R1xf4,1783
2901,Qcf5,1573
2902,e1=R,3289
2903,N5xh4,622
2904,Qgh2,327
2905,Qhb5,133
2906,Nca5,2058
2907,Qhd1,1310
2908,Qdxc2,144
2909,Qbxb2,362
2910,Qgxd5,192
2911,Q5e5,369
2912,Raxc4,2293
2913,Rbe5,3008
2914,exd8=N,195
2915,Rhd5,3381
2916,R8xe7,2806
2917,Rcxf3,1812
2918,N5c4,1901
2919,Rbg5,951
2920,Reb6,3178
2921,Rcxf7,3772
2922,Qbc5,1076
2923,R8xa3,485
2924,R7b3,2004
2925,R7a2,1180
2926,Rgxa5,179
2927,Nhg1,2371
2928,Qda5,521
2929,R7c4,2544
2930,Qfa6,322
2931,Qbxb4,324
2932,Qba4,205
2933,Qexd6,152
2934,Qcg3,365
2935,Nhxg7,980
2936,Rgxb1,82
2937,Rdxb8,280
2938,R5a7,1671
2939,Q2c3,331
2940,Q3xa3,15
2941,R7xa2,191
2942,Q8g7,503
2943,Rbxa3,1811
2944,Rgxd4,1401
2945,Nhxg5,2751
2946,R7xd3,470
2947,Ndxe8,289
2948,Qgc2,538
2949,N2xf4,313
2950,Qdxg5,332
2951,Qbc7,2679
2952,Q7c6,307
2953,R6g3,1697
2954,N5h4,2683
2955,b8=B,1001
2956,Qgxe6,258
2957,Raxg8,1023
2958,Ngxh7,1357
2959,Rexc1,2770
2960,R7xg6,968
2961,Rbxd3,1807
2962,R7f4,3074
2963,Qcb5,819
2964,R2xf4,878
2965,Qdxd4,384
2966,R7a5,1506
2967,Qga7,335
2968,Q4e4,365
2969,Rfxa8,257
2970,Qhe2,563
2971,Qea2,223
2972,b1=N,2235
2973,Nfh7,1259
2974,Rcxa6,1582
2975,R8xe3,1522
2976,Qfh5,1544
2977,R6h3,1056
2978,Q8c7,697
2979,Qea4,337
2980,N6f7,217
2981,R2xe6,394
2982,Rgxh2,885
2983,Rcxg3,574
2984,Reh5,2279
2985,Ndxc2,1336
2986,Qhxe8,51
2987,R1xb2,1460
2988,R8xb6,929
2989,Naxb6,753
2990,R4xe2,280
2991,R2xf6,289
2992,Rgxd6,1279
2993,R2xb4,716
2994,R2b6,1844
2995,R6xc4,622
2996,Q7f7,556
2997,Nhg2,1404
2998,R4c2,3997
2999,Rfa2,3420
3000,Qfh2,3698
3001,R1xa2,1375
3002,N5xe4,1805
3003,R8g5,2782
3004,Qag4,140
3005,Qgxg3,556
3006,Qaxa8,43
3007,R5a2,1136
3008,Q1d4,383
3009,Qhb2,735
3010,Rcxa5,1513
3011,N2xf3,3086
3012,R8xc6,1675
3013,Qbe5,1934
3014,Qdd1,4998
3015,R2xc6,423
3016,Qhe7,583
3017,Q6h4,88
3018,Q1h3,199
3019,Qhxe4,175
3020,Qde5,1434
3021,dxc8=N,175
3022,R4xa5,463
3023,Rfc6,4322
3024,R3g6,1853
3025,R8xf3,802
3026,Qaf8,1168
3027,Rga7,646
3028,Raxh5,152
3029,Qhxe5,257
3030,Rcg6,2072
3031,Qhxd7,38
3032,Rdxb6,1426
3033,R8h6,3047
3034,R4g7,2619
3035,b1=B,1081
3036,R5xb3,251
3037,Qbf5,1237
3038,N8g7,408
3039,Nef1,1627
3040,R8xa5,777
3041,R8xh7,650
3042,R4a6,1268
3043,a1=B,1373
3044,Nfxh5,921
3045,R6xd5,2387
3046,Rbxh6,140
3047,Qae7,442
3048,Q1d1,474
3049,Qcxc3,347
3050,Nfxe8,458
3051,N7xe6,329
3052,Rgxc4,423
3053,Qcg1,753
3054,Rhxd7,1232
3055,N4xg5,319
3056,Q4e6,207
3057,Q6f7,281
3058,Rhb2,4021
3059,R7b2,2113
3060,Qcg2,472
3061,Qhxh2,370
3062,Qeh1,543
3063,R3xe5,813
3064,R1xc2,1938
3065,e8=B,715
3066,Rha2,762
3067,Qbf4,1123
3068,N5xc4,408
3069,Rgxe4,1607
3070,Rah7,1235
3071,Qaf4,209
3072,Qcf8,1006
3073,Qfa8,292
3074,Rbxg1,123
3075,Rhxf3,2067
3076,Rbxa6,1957
3077,N3xf4,565
3078,R3h5,1181
3079,Rgxg8,813
3080,R4f7,6078
3081,Qdxe5,280
3082,Nfh4,5851
3083,exf1=N,228
3084,Rfxf1,2322
3085,Rhxa6,155
3086,Qac3,3332
3087,Rhxd6,1138
3088,Ned1,982
3089,Qbc2,2680
3090,R3b4,3112
3091,R5xc4,839
3092,Qac5,922
3093,R5b2,1968
3094,bxa8=R,203
3095,Rexa3,658
3096,Qbxg3,185
3097,N1xe2,2505
3098,Nfxh4,863
3099,Qexd4,192
3100,R8xc5,1853
3101,Qexb8,15
3102,R5xg7,104
3103,Qcxf5,333
3104,c8=N,2144
3105,Q2e2,610
3106,Qcb1,560
3107,Qab1,1406
3108,Qeh2,339
3109,Rgxe1,796
3110,Rhb3,1187
3111,Rhxf4,1911
3112,Rgxb7,462
3113,Rhc3,2046
3114,Qdxe7,238
3115,R7xb2,233
3116,Qbxf4,211
3117,R3xc5,651
3118,Qdh8,635
3119,Qcxd4,217
3120,Qdxf4,294
3121,R3xf2,655
3122,Qhe3,523
3123,N6xa5,570
3124,Q5f7,128
3125,R8xg4,525
3126,Nfh2,2088
3127,Qfe8,1052
3128,Qfxh7,69
3129,Rfxb8,1839
3130,R1xh4,490
3131,Qgd1,1210
3132,R4h7,1376
3133,gxf8=N,280
3134,Rfb5,1351
3135,Qhg5,943
3136,Qbxf7,147
3137,Rfxb4,422
3138,R4b6,2353
3139,Qbe6,592
3140,R7xb4,620
3141,Raxg7,779
3142,Ndc8,708
3143,Ngxe8,76
3144,N5g3,382
3145,Rexb3,947
3146,Nfd8,1455
3147,c8=B,866
3148,f8=B,871
3149,Rfxb3,565
3150,Qad5,2289
3151,Qef5,1228
3152,Q1e4,332
3153,Rbxg2,1095
3154,Qgd3,619
3155,Nfxh3,578
3156,R8xe2,311
3157,Nfxg8,146
3158,R7xa6,961
3159,Q8xb7,75
3160,Ncxa2,435
3161,Qce4,1651
3162,Q6g7,230
3163,Q1f3,426
3164,Rgb5,906
3165,Qgb8,558
3166,Qdxc7,216
3167,N4xe6,87
3168,hxg8=N,93
3169,Rgb4,928
3170,Qgc8,816
3171,Qbxe8,58
3172,R6xg3,128
3173,N2xd3,156
3174,Qaxd7,81
3175,Qba7,356
3176,Q7xe6,48
3177,Q8h8,418
3178,Qaxb7,264
3179,Rfxh6,817
3180,Qexf7,549
3181,R2h4,1308
3182,R8xf6,1931
3183,Qeb1,664
3184,Qcxg5,223
3185,Reb4,2266
3186,Nexg1,153
3187,R8xd2,381
3188,Qcxb6,172
3189,R4xc5,1020
3190,Qgd5,1962
3191,R8xa7,1351
3192,e8=N,2185
3193,Q4f6,227
3194,Rexb1,694
3195,Rcxa3,1533
3196,Rgxc5,413
3197,Rfa6,1072
3198,R6a2,918
3199,Qeh8,519
3200,Qhb8,635
3201,Qcd6,1311
3202,Qbd8,2020
3203,Q7f6,315
3204,Rgxc7,676
3205,Qab3,940
3206,Qbg6,592
3207,Raxd5,1866
3208,Q8xc8,22
3209,Rgxc3,674
3210,Q6d7,316
3211,Q1h1,381
3212,R3xc4,1076
3213,Raxe5,1342
3214,R7xf4,739
3215,Qha3,64
3216,Rexg3,970
3217,Qfb3,336
3218,N3h5,110
3219,Qba8,150
3220,Rbh7,804
3221,Rbxf8,511
3222,R4xf3,698
3223,Rhxg6,2258
3224,Qfxc7,73
3225,R6h4,1316
3226,Rgxf2,2485
3227,R6b4,1638
3228,Qbe3,635
3229,Rgxa7,247
3230,Qfb4,669
3231,Qae4,1787
3232,Qdc5,1066
3233,Qdc4,1118
3234,R2xg3,943
3235,Qhe6,499
3236,Qah7,101
3237,Qhc2,261
3238,Rfxg6,1638
3239,R4xe3,769
3240,Qfc5,1374
3241,R1xg5,512
3242,R4a5,1747
3243,R8xe4,1992
3244,Qag7,699
3245,Qgh7,424
3246,R1xa3,847
3247,Raxb6,2245
3248,Rhxb7,489
3249,Qexf4,347
3250,Q4xc6,34
3251,N8xc6,277
3252,Rgxh4,1057
3253,Q8e6,511
3254,Qfxa7,24
3255,Qbh2,296
3256,Ncd1,2428
3257,R7xa5,662
3258,N3xc5,193
3259,N7xb6,1171
3260,Rah2,1118
3261,Rdxb5,1252
3262,N2xh4,44
3263,N8xg6,98
3264,Rexb8,542
3265,Qhd6,308
3266,Ngxh6,829
3267,Ncxb3,1130
3268,Qdxc8,61
3269,Rgxh6,986
3270,Ngxf8,599
3271,R7a4,1159
3272,Q6b4,125
3273,Qhb4,111
3274,Nca8,147
3275,Rhxc3,679
3276,Rdxh2,741
3277,Nfxg7,640
3278,Nac1,1941
3279,N4g5,2339
3280,Q1e2,876
3281,N6xg4,114
3282,R4xe6,528
3283,Rgxf4,2053
3284,Qbc1,1404
3285,Qexd8,70
3286,Qhe8,1590
3287,Rbh3,552
3288,Qaxa4,252
3289,Nexd8,227
3290,R4xe7,272
3291,a8=B,1157
3292,Rgd4,3815
3293,R6xa7,180
3294,Qgc4,1164
3295,Qdf5,1775
3296,Qae2,491
3297,Ncxe8,343
3298,Nge8,897
3299,Nfxg2,619
3300,Qcg4,849
3301,R8xb5,994
3302,Qad3,509
3303,Rdxb3,1385
3304,Rgc5,1665
3305,Nfxe1,451
3306,N3xd2,378
3307,f8=N,2598
3308,Qfxd6,185
3309,N7h6,485
3310,Q8xe8,38
3311,N3c5,1530
3312,R7xe6,2563
3313,Q4d6,163
3314,N6xd7,513
3315,Rbh2,852
3316,Rhxf2,2524
3317,Qfxf2,494
3318,Rfxa4,332
3319,R5xd2,290
3320,Rhc6,1533
3321,Rcxh7,398
3322,Qcd1,1224
3323,Qfe1,1016
3324,Qdxd5,456
3325,R6xb3,265
3326,N2f4,2179
3327,N2c4,3491
3328,Qdh7,271
3329,Rbxh3,166
3330,N7xc5,375
3331,N1b2,237
3332,Q3f4,318
3333,Ndxc7,1519
3334,Qfb2,483
3335,Qbxc3,197
3336,Qcf7,752
3337,Qcxd5,206
3338,Q2d4,157
3339,Q4c5,296
3340,Rdxg8,599
3341,Q8b7,508
3342,Raxf4,792
3343,R1xg4,789
3344,Raxd4,1877
3345,Rhb5,820
3346,Qhxh5,337
3347,Qdxg6,159
3348,Qfxc2,58
3349,R3xb4,765
3350,Nab8,3600
3351,R3b5,1717
3352,Rfxh7,948
3353,Rfb6,2272
3354,Q5xc3,30
3355,R1xa6,477
3356,Rgxb3,281
3357,R4xf7,256
3358,Rhxg4,2153
3359,Q4b7,59
3360,exf8=R,709
3361,R2xc4,967
3362,R8xb7,1414
3363,Qfg7,1646
3364,R4xd6,641
3365,Rcxc8,2534
3366,Nba2,578
3367,Qcxe5,164
3368,Q6xd6,35
3369,N3xf2,29
3370,R2xh5,187
3371,R7xg4,340
3372,Qhc3,1023
3373,Q5a5,113
3374,Qfxe6,216
3375,N4a5,1742
3376,Q1b7,50
3377,Q8b3,108
3378,Qbf3,444
3379,Rexa7,1098
3380,R8a6,3539
3381,Rfxb1,1859
3382,R4xd7,309
3383,R6xb5,828
3384,R1xd2,2770
3385,Q7h8,55
3386,Naxb7,327
3387,R4xc7,251
3388,Rcxh2,371
3389,Rdxg4,752
3390,Rhxg8,4592
3391,Qgb1,507
3392,N4xh5,688
3393,Rfa5,822
3394,Rah6,503
3395,Qab5,891
3396,Ndxc3,2043
3397,Q8c6,439
3398,Qgb5,159
3399,N7a6,598
3400,Qexd2,148
3401,Rcxb6,1756
3402,Q4c3,257
3403,Rha5,592
3404,R3xe2,567
3405,R6xc2,182
3406,N4xc6,139
3407,Q2e3,329
3408,Qea3,189
3409,Qbxh7,137
3410,Q7c8,111
3411,Q7b8,82
3412,R2xb5,559
3413,Raxe3,1355
3414,N5xg6,689
3415,Qcd4,1327
3416,Q8xc4,15
3417,Rhb6,1083
3418,N1d3,1220
3419,Q1xf5,17
3420,Qaxf8,66
3421,Qhd8,1431
3422,Qbxf6,81
3423,Qfxg7,376
3424,Q7d6,353
3425,N6xg5,271
3426,Rexc8,1862
3427,N5a6,286
3428,N8xa6,121
3429,Rfxa3,388
3430,Qhd2,397
3431,Q6d4,182
3432,Qfa7,147
3433,Qdxg2,107
3434,Q1e3,516
3435,Rgxd1,818
3436,Qdxf2,256
3437,Q6f3,122
3438,R3xh4,360
3439,N1b3,495
3440,Qcf3,721
3441,Qcxd7,256
3442,Rexg6,1154
3443,Qexc6,279
3444,Qdxg4,344
3445,N1f2,609
3446,a8=N,2207
3447,N4xh6,98
3448,Rfxg3,1515
3449,Qbxa5,58
3450,R5xe7,268
3451,N4xf3,684
3452,Rbxf3,914
3453,Rfxa5,287
3454,N5e6,982
3455,Qeb7,689
3456,Rfxd4,2866
3457,Bhg2,9
3458,Bgf3,8
3459,g1=B,911
3460,Bge3,13
3461,Bbd3,3
3462,Q5d3,189
3463,Qeh5,594
3464,axb8=B,35
3465,R3xf6,377
3466,Qfa2,145
3467,Q1b2,567
3468,R7h3,1122
3469,Q6d2,98
3470,Q2xe2,24
3471,Rexh5,511
3472,Qbf6,389
3473,Nhxf8,436
3474,Rcxf8,855
3475,R8g4,2402
3476,Q4h1,29
3477,Qbe1,1379
3478,Rcxh3,294
3479,Qcb4,834
3480,Rbxg4,256
3481,Qch6,335
3482,Qhxg6,255
3483,R7b5,2593
3484,N7xe5,1356
3485,Q1xb6,21
3486,Rah5,619
3487,cxb1=N,109
3488,cxd1=N,121
3489,Nfxh2,697
3490,R7a3,1180
3491,Qhxh7,520
3492,Qea8,318
3493,Qcxa2,56
3494,Qdg5,1124
3495,N3xd5,553
3496,Rha4,620
3497,Naxb2,365
3498,Qgxg2,505
3499,Qab6,853
3500,Qgb7,372
3501,Qaxc4,102
3502,Qdxd6,345
3503,Qexe5,487
3504,Q8e5,359
3505,Q4f5,317
3506,Qac1,1987
3507,Raxg2,876
3508,Qcg7,535
3509,Qeb4,921
3510,Rgc3,2794
3511,Rcxg8,157
3512,Qgd6,500
3513,Nfg2,676
3514,Q6f6,338
3515,N3xb4,241
3516,Rdxa7,1525
3517,fxe1=N,204
3518,Rdxg3,1040
3519,R1xc6,1132
3520,Rag3,1853
3521,Rhxe3,1432
3522,Q2xc1,5
3523,Q4g5,231
3524,Rexh7,796
3525,Qexg1,76
3526,Ndxb6,941
3527,Rga2,638
3528,Qdxd3,284
3529,Qbxf2,166
3530,Qhg4,945
3531,N5xd4,1392
3532,Rfxc3,1807
3533,N5e3,441
3534,Rdxg1,475
3535,N3c2,358
3536,Qbxe6,70
3537,R7xa3,238
3538,Qah1,531
3539,Qcxf4,400
3540,Raxf5,645
3541,R5xh4,237
3542,Qbg4,143
3543,Qdc1,761
3544,Q3g6,56
3545,Q8xe4,30
3546,Ncxb7,435
3547,Qexe7,263
3548,Qcf4,1654
3549,Qdh6,202
3550,Rexh6,539
3551,Qae8,1530
3552,Q7c7,579
3553,Q8d4,277
3554,Q7xd6,32
3555,R4h3,2227
3556,Q6e7,345
3557,R7xh4,181
3558,Rhxa2,228
3559,Qgxh4,76
3560,Qgf3,1335
3561,Q3f6,94
3562,Q1d6,183
3563,Q5c4,298
3564,Qbxc2,257
3565,R7xf5,940
3566,Qexa4,41
3567,Rhxa3,179
3568,Ndxe1,233
3569,R6xe7,568
3570,Nca2,322
3571,Qdxe1,112
3572,Qda8,419
3573,N6xc5,541
3574,N1xh3,75
3575,Q1xf4,49
3576,Qdh2,240
3577,Qexf6,324
3578,Qgh6,232
3579,Q6h7,139
3580,Qh8g7,4
3581,Qfb6,305
3582,Nexg7,684
3583,Nexc1,465
3584,Rgxa3,187
3585,Rcxg4,359
3586,N1xc2,49
3587,Qfa5,77
3588,R3xa5,350
3589,Q3xb5,16
3590,Q8xb3,17
3591,Q2xa2,13
3592,N3f2,175
3593,R5xc6,511
3594,R4xh3,106
3595,Qgxd7,54
3596,N4h3,250
3597,Rhxb8,314
3598,R1xb6,612
3599,Rhxa5,150
3600,R4xd2,288
3601,Nca1,106
3602,Qfb5,687
3603,Nba8,158
3604,Rbxg5,203
3605,Rga4,607
3606,Q8c2,77
3607,Rbxd6,2096
3608,R1xd6,1298
3609,R3xc6,426
3610,N4xg3,400
3611,Qfxg3,350
3612,Rfxh5,594
3613,Ndxb8,342
3614,R7xg5,454
3615,R7xe2,212
3616,Qef1,773
3617,Nexc8,536
3618,Qcxd8,110
3619,R5xb4,541
3620,R8xc2,221
3621,Q8h4,98
3622,R5xh6,142
3623,R4xc2,227
3624,Rfxb5,376
3625,Rexg7,1505
3626,R3xd6,552
3627,Qgxh3,87
3628,R7xb3,285
3629,Qaf7,377
3630,Raxg5,288
3631,R8xh4,399
3632,Rdxg6,1036
3633,R1xc3,1655
3634,R3xe6,479
3635,Q2d6,64
3636,N7xd6,204
3637,Rhxb2,430
3638,Rgxa4,184
3639,R5h7,1627
3640,N1xe3,137
3641,Qdg3,486
3642,Rgxh7,1024
3643,Qbh1,392
3644,Qdxh5,84
3645,Qea1,356
3646,Q1a6,81
3647,Qga4,61
3648,R5xb6,311
3649,Q8c5,251
3650,Qgc6,358
3651,Rhxc7,739
3652,Rcxh5,141
3653,Q2xf1,4
3654,Qdxd7,246
3655,Qexb6,61
3656,Qbxe5,272
3657,Rcxg1,119
3658,Q3g4,212
3659,R2h6,1003
3660,N7a5,156
3661,R6h2,1199
3662,Raxh4,156
3663,R1xf6,949
3664,Q5b5,246
3665,Qfxc8,27
3666,Q2a2,191
3667,R2xa7,205
3668,Ncxa5,561
3669,Rfxg4,1487
3670,N5xf3,117
3671,Qhxf8,178
3672,Qch2,181
3673,Qhxd2,23
3674,R3xf5,563
3675,R7xe3,364
3676,R7h2,1237
3677,N8xb6,96
3678,R8xa6,845
3679,R5xc2,230
3680,Rcxg6,501
3681,R6xh2,51
3682,Qbe7,801
3683,Ncxd1,363
3684,Qbc8,1251
3685,Q1xa5,15
3686,Q7c5,122
3687,Q5e3,196
3688,R6xd3,561
3689,Q8xd8,23
3690,Qexc5,174
3691,R6xe2,139
3692,Rexa5,698
3693,Qdh3,239
3694,Rexa6,737
3695,N2xc3,1009
3696,R7xg2,98
3697,Qdxb6,204
3698,dxe8=N,191
3699,Rgxd2,972
3700,R3xg5,284
3701,Rhxb6,260
3702,Q7xa7,21
3703,Raxh2,308
3704,Q1xc3,70
3705,Q3c6,77
3706,Q6b6,263
3707,Q4a6,95
3708,Q4h3,80
3709,N5d3,393
3710,R6xb7,274
3711,Ngxe1,58
3712,Qha8,367
3713,Rah4,625
3714,Qhxg3,233
3715,R4xb5,622
3716,Q4h4,175
3717,Qag2,671
3718,Naxb3,732
3719,N2xc4,562
3720,Qfxa6,61
3721,Q8f6,413
3722,Rexg1,132
3723,bxc1=R,155
3724,N2xe3,182
3725,Qeb8,665
3726,Q1a2,260
3727,Qbxd6,234
3728,Qexc2,70
3729,Qgxf2,251
3730,N3xe2,189
3731,R2a7,1203
3732,Qcxb7,164
3733,Qdxc6,220
3734,Qhxg7,377
3735,Q2c2,628
3736,Q8g8,424
3737,Q8f7,706
3738,Q7h6,93
3739,Qgh5,246
3740,Q6g5,206
3741,Q5f4,353
3742,Qgh4,221
3743,Q7f8,82
3744,Q4a7,64
3745,Q7d7,660
3746,Q4a3,122
3747,Q3b2,211
3748,Qcxg3,102
3749,Qcxc2,288
3750,N8b6,762
3751,Qbxc7,241
3752,Q1h2,194
3753,Q2h2,210
3754,Qfxc5,216
3755,Rhxc1,1502
3756,Q7b6,221
3757,Qfxb8,19
3758,Qbxb3,373
3759,Qcxa7,60
3760,Q4b3,248
3761,R4xd5,1311
3762,R3xf7,132
3763,Rdxh3,541
3764,Qcxf3,169
3765,Raxh7,309
3766,Qexc4,129
3767,exd8=R,290
3768,exf8=N,365
3769,N7xf5,289
3770,Qexg6,415
3771,R2xg5,334
3772,Nbxa2,360
3773,N3xh2,102
3774,Rcxf1,571
3775,Qba5,182
3776,Nfxg1,138
3777,Nbxa7,529
3778,Qdxg3,145
3779,Q8xg7,134
3780,R6xf2,129
3781,Qbxb5,348
3782,Rdxh4,372
3783,Q2c6,62
3784,Qdh5,472
3785,N3xg4,301
3786,N4e6,478
3787,Q1e5,203
3788,N4xg6,48
3789,R1xh5,492
3790,Q8b2,61
3791,Q8a2,76
3792,Qdxf6,513
3793,N6xb4,127
3794,R2xc5,893
3795,Q1b6,88
3796,R6xf4,598
3797,Qfxf5,544
3798,R4xa3,290
3799,R4xf6,402
3800,Q8g2,40
3801,R3xh6,82
3802,Q8d5,444
3803,Qbxc8,97
3804,Qfc8,905
3805,Qexg7,147
3806,R3xb6,276
3807,Qbxe7,64
3808,N2xb4,185
3809,R2xd6,482
3810,Qdxe2,230
3811,Q6g4,120
3812,Qdxd1,69
3813,R6xh5,481
3814,Q7h2,15
3815,Q1g2,488
3816,Qeh4,559
3817,Qfxg2,341
3818,Nbxa6,566
3819,Qgb4,148
3820,Qhxb2,164
3821,Q1xc2,83
3822,Qhf2,1134
3823,Rgxb6,214
3824,Qcxc5,340
3825,Qdxf1,117
3826,R4xc6,477
3827,Qaxb8,145
3828,Qexd3,112
3829,Q8xf6,109
3830,Qfa4,67
3831,Nbxa5,584
3832,Qhxg2,324
3833,N4d3,800
3834,Qhxh6,385
3835,Qcg5,767
3836,Qgxg5,576
3837,Qae6,415
3838,Qfxg1,35
3839,Nbxc1,258
3840,N2a3,380
3841,Q3c4,269
3842,Q1b3,342
3843,Qgxb3,183
3844,R4xb7,203
3845,Rdxh6,460
3846,Rhxb5,210
3847,Q5g5,230
3848,Nbxa3,464
3849,Rcg4,1550
3850,R1xh2,623
3851,Qfb1,562
3852,Qha6,47
3853,N5xe6,193
3854,N3xa4,455
3855,Q4b4,246
3856,Q3f5,157
3857,Qha4,51
3858,R5xa6,284
3859,Rha6,481
3860,R4xa6,267
3861,Q1xe5,24
3862,Qdh4,484
3863,Qaxf3,180
3864,N3g2,141
3865,Rch6,620
3866,N6xe7,238
3867,Rhxc5,405
3868,Qgc3,348
3869,Naxc7,408
3870,Qcxe2,79
3871,R8xf2,208
3872,Raxg1,648
3873,Rfb4,1448
3874,Q8xd5,49
3875,Qexf2,521
3876,Rgxb5,222
3877,N6xc4,267
3878,R3xg4,589
3879,Q8d2,111
3880,Q1xe2,86
3881,Q3d4,399
3882,Qhxg5,215
3883,Q1c5,172
3884,Qexb4,138
3885,N6xb5,307
3886,Qhc5,199
3887,Q8b5,222
3888,R1xg6,337
3889,Q2g2,391
3890,R5xf2,223
3891,Qbxb8,62
3892,Qfxb4,95
3893,Qfxf3,535
3894,axb8=R,157
3895,Qhf5,1047
3896,N8f7,601
3897,N5h6,298
3898,Q7e5,173
3899,Qhxg8,116
3900,Q8xf8,54
3901,Qfc1,889
3902,R4xg7,82
3903,R5xg4,412
3904,R6xe3,446
3905,R2xg6,131
3906,R2xf7,296
3907,Qcxc7,307
3908,Qaxa5,247
3909,Q7g4,79
3910,N7h5,194
3911,Rfxa1,236
3912,R5xb7,195
3913,Q7e4,110
3914,Q3d3,340
3915,cxb8=R,139
3916,Q8b6,349
3917,Qfxa2,39
3918,Q5h3,119
3919,Q6d5,366
3920,Q5xf5,52
3921,Q8h7,220
3922,Nca7,462
3923,Qhxf3,298
3924,Qah6,58
3925,Q1e6,127
3926,Qeb6,447
3927,Q6b7,204
3928,Q2b3,197
3929,Qbxg7,94
3930,Ncxb8,264
3931,Q8xa7,97
3932,Q5b4,210
3933,Q1f1,456
3934,Q4d2,123
3935,R5xe2,242
3936,Qfxb2,60
3937,Qfxc4,159
3938,Q6b5,203
3939,Q8e4,191
3940,Qdxc3,178
3941,Qhf4,1024
3942,Qdxh4,92
3943,Qdxa7,31
3944,Qae3,378
3945,Q3g2,178
3946,Q2h4,64
3947,Qfxh6,88
3948,Qexe1,63
3949,R5xe6,744
3950,Rha7,739
3951,Qaxd3,43
3952,R1xh3,395
3953,Qexh4,92
3954,Q5c6,276
3955,Q5e2,146
3956,Q2xf2,81
3957,Q8g6,334
3958,Ndxb2,441
3959,Q3b3,255
3960,R7xg3,120
3961,R6xd2,196
3962,Qda6,292
3963,Qcxh6,91
3964,Q3d2,354
3965,Qgxh5,75
3966,Qfxd2,61
3967,Q4g4,252
3968,Qgxe8,63
3969,Qgxc5,124
3970,N8xg7,112
3971,Q7xg7,63
3972,Qhxb3,12
3973,Q8c3,169
3974,Q4h6,103
3975,R2a6,1034
3976,Qexe3,339
3977,Q8b8,368
3978,N3xa5,24
3979,Q5xg3,62
3980,Rbxf4,730
3981,Qaxe5,219
3982,Qbxd1,65
3983,Q1xf3,86
3984,N6xf5,521
3985,Qeb2,696
3986,Rhxc6,536
3987,Q4xa4,12
3988,Q6c5,241
3989,cxd1=B,49
3990,Ndxb7,450
3991,Q7a5,62
3992,Nba1,96
3993,Q8h3,60
3994,Q4f3,287
3995,Q2e4,157
3996,R4xh5,235
3997,Q4xf4,59
3998,Nexf8,257
3999,Q2xf3,58
4000,Qdxc5,232
4001,N4xe3,114
4002,Nfxd1,218
4003,Qch7,199
4004,Q4xf5,32
4005,N2xg3,934
4006,Rbxg8,144
4007,Rexh3,477
4008,exf1=B,61
4009,Rgxa6,181
4010,Qexd7,204
4011,Qdxb5,141
4012,Ned8,904
4013,Ngh1,131
4014,R4xb6,320
4015,Q1h5,87
4016,Q1h7,46
4017,Rbxh7,324
4018,Qgxe7,88
4019,N2h3,430
4020,Q8xf5,52
4021,Rdxh5,367
4022,Qaxa6,264
4023,Q4g8,21
4024,R6xg5,553
4025,Qah3,64
4026,N8xf6,313
4027,Q7d2,67
4028,Q2c7,81
4029,Rhxa4,153
4030,Raxa1,553
4031,Q2g4,111
4032,Qch4,81
4033,Q8xb2,16
4034,Q3a2,145
4035,Q2d3,357
4036,Rga6,501
4037,Ngh8,116
4038,Qcg6,402
4039,Q7g6,219
4040,Q5h5,176
4041,Q3g3,248
4042,N3xf5,172
4043,R6xb4,448
4044,Qfxd5,131
4045,Q4g3,277
4046,Qad6,472
4047,R7xh3,71
4048,Qdxe4,266
4049,Q1c3,393
4050,Qba1,162
4051,Qfc2,766
4052,Q4f1,22
4053,N5xg4,291
4054,Q5xd2,9
4055,Q5f3,245
4056,Ngxh2,644
4057,Qcxh3,67
4058,Qhxc6,129
4059,Q7xc7,38
4060,R6xc7,368
4061,Rfxa6,411
4062,Q7d5,152
4063,Raxh1,60
4064,Qaxc2,88
4065,Qbxe4,250
4066,Qcxe3,258
4067,Q2f2,526
4068,Q3e4,390
4069,Qexg5,256
4070,Q1d7,130
4071,R4xa7,157
4072,R6xf7,624
4073,Qdxe6,185
4074,Q8xe6,91
4075,Rbxa8,90
4076,Q3xd5,15
4077,Qad2,563
4078,Q8xg8,26
4079,R2xb7,243
4080,Qaxg2,139
4081,N4xb5,395
4082,R8xg3,343
4083,N4xa5,307
4084,R2xh3,428
4085,R5xg3,111
4086,Qdxf8,163
4087,Qhxc2,28
4088,Qgxc4,163
4089,N5xh3,77
4090,Q7f5,142
4091,Qba3,206
4092,Q1a3,211
4093,R1xe7,362
4094,Q1c4,224
4095,N1xc3,231
4096,bxa1=B,72
4097,Q8xf4,25
4098,Q4xe3,27
4099,Q4d4,344
4100,Qbg5,147
4101,Q1b1,400
4102,Q3c2,261
4103,Rbxf6,852
4104,Rcxh4,205
4105,Ngxf1,483
4106,Q4f4,341
4107,Qcxd6,193
4108,Qfxe7,236
4109,R5xf3,340
4110,R3xc7,173
4111,Qhb6,95
4112,Q1f2,676
4113,Qgxf4,222
4114,Ncxb1,200
4115,Qaxf2,62
4116,Qbh6,57
4117,Q6f5,286
4118,R3xa6,234
4119,fxg1=N,326
4120,R2xe7,265
4121,Rbxh5,94
4122,R1xa7,197
4123,Q8a6,211
4124,R4xc3,510
4125,Qgh1,124
4126,Q1h4,111
4127,Q5f5,328
4128,Q8d3,201
4129,Qha5,51
4130,Qexe2,210
4131,Q5b3,165
4132,R3xb2,315
4133,Q3e6,89
4134,Qbh4,62
4135,Qaxg8,18
4136,Qdxe8,116
4137,Q7h7,217
4138,Qf7g7,2
4139,N1xg3,70
4140,R2xb6,286
4141,gxf1=R,205
4142,Rch5,665
4143,Q8h5,116
4144,R8xa4,687
4145,R7xf3,313
4146,Q8f2,63
4147,R2xa4,663
4148,N6xh7,155
4149,Qbxa6,51
4150,Q6e4,145
4151,N5b3,150
4152,Qgxc1,28
4153,Qgxg4,524
4154,Qch3,323
4155,Bcb7,8
4156,Bbf3,3
4157,exd1=R,237
4158,Qda3,252
4159,Q5d4,362
4160,Q3d7,96
4161,N4d6,458
4162,N7xg5,240
4163,Q1xa2,85
4164,Q2a3,78
4165,R5xd7,328
4166,Qah2,109
4167,Raxg4,303
4168,Q3xd4,44
4169,R8xh3,251
4170,Qbh3,51
4171,Qaf2,320
4172,Ngxh3,592
4173,N3a2,264
4174,Qexc3,199
4175,Qexh7,32
4176,Qdxb3,163
4177,R6xh4,127
4178,Q1g3,384
4179,Qcxg8,31
4180,Qeb5,914
4181,N7xb5,250
4182,Qcxd2,246
4183,Qfg4,1072
4184,Q8xe3,14
4185,Q1xf2,105
4186,Q3xb2,28
4187,Rgxc1,237
4188,Q4a4,133
4189,R1xh6,270
4190,Qaxa1,60
4191,Rgxb2,427
4192,Q2g3,212
4193,Qfa1,251
4194,Q8a7,259
4195,Qbxf1,60
4196,Rgxc8,260
4197,Qbxd5,132
4198,Q3xf5,22
4199,Qbxb1,61
4200,Qexh6,27
4201,R4xa2,151
4202,N2a4,172
4203,Qdxc4,186
4204,Ncxe1,223
4205,Q6xh6,14
4206,Qdxe3,185
4207,dxe8=B,65
4208,Rhxa7,244
4209,cxb1=R,133
4210,Q1xa6,16
4211,Qdxg1,55
4212,N1xh2,228
4213,Qfxd7,96
4214,Qha1,363
4215,N8xa7,61
4216,Rexh4,465
4217,Qa1b1,2
4218,Rbh4,519
4219,R1xb7,188
4220,Qaxa3,270
4221,Rdxb1,353
4222,Qcxc4,401
4223,Qbg8,835
4224,cxd1=R,247
4225,Q1g6,60
4226,Raxg6,411
4227,Q2f4,115
4228,Qexc7,98
4229,Qcxa6,76
4230,R7xh2,40
4231,Q8xh2,22
4232,R2xg4,458
4233,Qexb2,61
4234,Q5d2,128
4235,N2xa3,135
4236,Q3f8,11
4237,Q5xf4,39
4238,Q2f3,307
4239,Q6g6,239
4240,Qexf1,155
4241,R5xa3,243
4242,Qexg4,260
4243,Q2h3,59
4244,R6xa3,212
4245,Qfxe4,191
4246,Qdxd8,130
4247,Q2a7,21
4248,Rdxa8,64
4249,Q3d5,187
4250,fxe8=R,252
4251,Q8f5,259
4252,R3xa7,155
4253,Qhxd4,156
4254,Ncxb2,338
4255,Qfg1,568
4256,Rbh6,424
4257,Qhxd6,31
4258,Qga2,331
4259,Qcxg7,87
4260,Q7c4,92
4261,R3xa2,174
4262,Q6a7,110
4263,R3xg7,76
4264,Q3h2,102
4265,Qcxb2,157
4266,Rbxg6,323
4267,Q5h7,82
4268,Ncxa8,52
4269,R8xa2,206
4270,Q4xg5,51
4271,Qbxd7,110
4272,Q2b4,93
4273,Qexe6,400
4274,R3xa4,567
4275,Q3h7,27
4276,R3xb7,154
4277,Qexh5,113
4278,Qhxb7,98
4279,Q6c7,233
4280,Q2xb3,41
4281,Qgxb5,20
4282,Q6c6,290
4283,N1xb3,115
4284,Qgxa7,122
4285,Nbxd1,57
4286,Rhxb1,330
4287,Qfxd1,49
4288,Q6h5,74
4289,Q7g5,103
4290,R3xb5,451
4291,Qexb5,155
4292,R3xe7,153
4293,Ndxb1,292
4294,bxc8=R,128
4295,Qag5,132
4296,R2xc7,301
4297,hxg8=R,163
4298,R5xc3,410
4299,Qfxc6,92
4300,Q7xd7,39
4301,Qhb3,119
4302,Q3g5,129
4303,dxc8=R,185
4304,Q3xb4,29
4305,Q4b6,154
4306,Q7d8,93
4307,Q7e8,101
4308,R5xh2,52
4309,Rexg8,154
4310,Q5c5,289
4311,Q4f8,22
4312,Q4h5,72
4313,R5xh3,95
4314,Q8xd6,46
4315,Q5b7,69
4316,Qg6h7,1
4317,Qh7g8,2
4318,Q8xf7,128
4319,Qaxd1,84
4320,Q1xa7,32
4321,Q7a6,82
4322,Q2e6,60
4323,Qdxf5,231
4324,gxf1=B,33
4325,Q6d6,308
4326,Qcxb5,171
4327,Qgxe3,132
4328,R2xg7,99
4329,Q7xf5,18
4330,Qea6,224
4331,Q4xc3,25
4332,Q1xb2,78
4333,Qbxa3,64
4334,Qcxh2,27
4335,Q2g1,60
4336,Q4xa6,8
4337,R4xh2,61
4338,Qgxh7,95
4339,fxg8=N,221
4340,Q1g1,369
4341,Q8g3,78
4342,Qcxf2,155
4343,Qgxf6,247
4344,Q8a5,113
4345,N2xg4,213
4346,Qgxf3,218
4347,R6xf3,318
4348,axb1=N,80
4349,Q7f3,42
4350,Q5xd5,38
4351,Qexd1,50
4352,Q5h6,91
4353,N4xa3,50
4354,Qcxg2,103
4355,Qaxa2,490
4356,Qcxb3,164
4357,dxc1=R,180
4358,Rcxh6,206
4359,Q1f7,58
4360,Qba6,197
4361,Qexd5,226
4362,Q5xe4,29
4363,R6xa4,413
4364,Nexd1,293
4365,R5xh7,46
4366,N4xd3,70
4367,Qeh3,289
4368,Qaxc1,122
4369,Q5d7,123
4370,Qfxg6,370
4371,Rgxb4,246
4372,Q7f4,76
4373,Qgxb7,47
4374,Q4xf3,27
4375,Q4e7,126
4376,Qhxf4,113
4377,Qhxf7,175
4378,Qgxf8,103
4379,N8xf7,57
4380,N6c7,328
4381,R8xg2,110
4382,Qbxa7,86
4383,Qcxe6,278
4384,Q5xf1,6
4385,N5xh6,74
4386,Q1xh7,22
4387,Qdxa6,31
4388,dxe8=R,386
4389,Qhxc3,172
4390,N8xb7,71
4391,Rbxh4,134
4392,Qcxg4,207
4393,Q6f4,187
4394,Q2xe3,41
4395,Q6xe7,24
4396,Qbxc5,149
4397,Q4xg4,59
4398,Qaxb2,269
4399,Q1g4,169
4400,Qgxd4,138
4401,Qga5,58
4402,Q2b5,79
4403,Q7xf4,17
4404,Q4xg7,10
4405,Q3c5,146
4406,R5xa2,159
4407,Q4xf6,37
4408,Qfxh4,90
4409,Q6xf7,41
4410,R1xa5,627
4411,Qfxe5,214
4412,R5xc7,230
4413,Rcxh1,13
4414,R4xb3,283
4415,Rhxh8,220
4416,Rbxg3,349
4417,Qdxb2,77
4418,Nhxg1,90
4419,R8xh2,102
4420,N6xb7,25
4421,Q8xg5,41
4422,Q5c2,78
4423,Qdxh3,27
4424,N1xf2,47
4425,Q3e5,167
4426,N4xb3,322
4427,Q4f2,102
4428,Q4xh4,27
4429,Q3h4,78
4430,Q3a4,81
4431,Q4a5,80
4432,Q5d8,20
4433,Q4xg6,68
4434,Q6xg5,47
4435,Q5xd4,24
4436,Q2e5,114
4437,Bgd2,3
4438,Q2e7,61
4439,Q7b5,95
4440,N5xc3,96
4441,Q3g7,34
4442,Qbxh5,18
4443,Qcxd3,164
4444,N1xb2,56
4445,fxe1=R,185
4446,Rgxh1,31
4447,Qea7,232
4448,Qhxg4,207
4449,N2xh3,141
4450,Q8xh7,155
4451,Qhxe7,52
4452,Q5f6,276
4453,Q5b6,206
4454,N5xa3,51
4455,Q1xb4,27
4456,Q6xf2,9
4457,Q5a7,76
4458,bxa1=R,194
4459,Q3h5,79
4460,Q3f7,101
4461,Q6a4,66
4462,Qfxe3,165
4463,Q5a3,100
4464,Qgh8,161
4465,N5xd3,47
4466,Qfxa3,66
4467,Qexf3,343
4468,Q1xf6,10
4469,R7xh6,434
4470,N8xh6,122
4471,Q4b5,207
4472,Q5a6,72
4473,Qbxc6,201
4474,Qag6,135
4475,Qaxb4,166
4476,Q6xe5,36
4477,N4b6,228
4478,N6xf4,156
4479,Qbxd4,141
4480,Q2c4,111
4481,R1xh7,128
4482,Qaxb1,149
4483,Q8b4,119
4484,Qgxa2,190
4485,Qcxe1,87
4486,Qcxb4,158
4487,Q4xg2,12
4488,Q8xa6,18
4489,Rexa8,86
4490,Q6g2,35
4491,Q7h4,33
4492,Qdxf7,233
4493,Qaxd6,57
4494,Qaxg3,47
4495,N7xh5,49
4496,Rcxa8,73
4497,R6xa2,139
4498,Rhxh1,195
4499,Q5a4,97
4500,Qexc8,56
4501,Qhd7,399
4502,Q2a4,58
4503,Q3h3,130
4504,Qaxe4,194
4505,Q6xg6,74
4506,Qbxe3,66
4507,Qhc4,172
4508,Q8xa2,30
4509,Qexb1,10
4510,Q4e2,112
4511,Qdxg7,96
4512,Qbxg6,196
4513,Q7xe7,44
4514,N6b7,82
4515,bxa1=N,102
4516,Q2xc2,31
4517,Q7xb4,14
4518,Qbxh2,104
4519,axb1=R,133
4520,R6xg4,273
4521,Qfxf8,114
4522,Q4xd3,21
4523,Q6h1,10
4524,Q2h5,39
4525,Rgxc6,504
4526,R5xg2,94
4527,Rcxg5,344
4528,Q6d3,114
4529,Qgb2,314
4530,Q6e8,38
4531,Q1xg5,15
4532,Qcxa4,61
4533,Q6e3,89
4534,fxg8=R,170
4535,exd1=B,48
4536,B5e4,1
4537,axb1=B,25
4538,Qfxe2,153
4539,Q6xc6,41
4540,Qaxb6,154
4541,N4xd6,54
4542,Q5g3,169
4543,Q2g5,62
4544,N8xe6,189
4545,Q3xg2,36
4546,Raxh6,169
4547,Q8c4,178
4548,Q3d6,90
4549,Qdxh6,28
4550,Qexg8,69
4551,Qfxb5,98
4552,Q8g5,228
4553,Q6xf8,11
4554,Qgxc7,53
4555,Q7a4,36
4556,Qhxb4,22
4557,R5xb2,183
4558,Qbxa2,106
4559,Qaxc8,133
4560,Q6h6,138
4561,Q7xf3,7
4562,Q3b7,55
4563,Q5xf6,42
4564,N1xg2,80
4565,Q8xc7,85
4566,Q2xg3,65
4567,N2h4,101
4568,Q4c6,189
4569,Q7g8,71
4570,R2xh7,55
4571,Qcxg6,109
4572,Qexg2,165
4573,Q3b1,13
4574,Q4xd1,5
4575,Q3xe4,28
4576,Nexg8,208
4577,Q1xd3,52
4578,Q4c1,7
4579,Q1xg3,78
4580,Qcxc1,63
4581,Qbxf8,69
4582,Qhxd5,109
4583,Qfxb1,17
4584,Rdxh8,46
4585,Bab5,6
4586,Q5g7,94
4587,N6g7,129
4588,fxg1=R,62
4589,Q5g2,47
4590,Q3a3,126
4591,N1xa2,55
4592,Qexc1,35
4593,Rfxg1,211
4594,Q4e1,22
4595,Qfxh3,77
4596,axb8=N,69
4597,Q7a8,85
4598,Qbxg2,83
4599,Q8xe5,59
4600,Qexf8,175
4601,Qbxd8,93
4602,R8xb2,176
4603,N8xc7,42
4604,Qaxe1,63
4605,Qbxc4,166
4606,Q5xf7,34
4607,Qgxd2,38
4608,N7xa6,134
4609,Ncxa6,275
4610,Raxh8,77
4611,Q1b5,107
4612,Qhxd1,43
4613,Q4xd7,15
4614,Q6a3,39
4615,cxb8=N,93
4616,Q7g1,5
4617,Qcxd1,88
4618,Q3xc2,21
4619,N3xg5,142
4620,Qfxd8,57
4621,Q7xb3,7
4622,bxc8=B,29
4623,N4xh3,81
4624,R3xd7,218
4625,R1xg7,101
4626,Qfxc1,34
4627,Q5xc6,20
4628,R3xg6,145
4629,Q6xc3,4
4630,Qaxh6,12
4631,N5xb3,28
4632,Qcxf7,140
4633,gxh1=R,70
4634,Q8xd7,63
4635,Qaxf5,36
4636,cxd8=B,70
4637,Q4c2,97
4638,Qhxg1,86
4639,R3xh2,84
4640,Rcxa1,54
4641,Qgxc2,43
4642,Q2c5,96
4643,Qbxd2,96
4644,Q2xd2,23
4645,Q6c2,55
4646,Qaxe8,63
4647,bxc1=B,41
4648,Qhxh3,300
4649,Qgh3,235
4650,Q2b6,33
4651,N8xd6,126
4652,Qb1b2,5
4653,Bea5,1
4654,Bdb6,3
4655,Q6c3,86
4656,Qaxd8,103
4657,Q8xh6,37
4658,Q3a5,74
4659,R3xh5,153
4660,Q7h5,60
4661,Qfxe8,56
4662,Q7xf6,55
4663,Qhxe2,44
4664,Qbxh3,8
4665,Naxb1,78
4666,Q2d1,92
4667,Qgxg1,50
4668,Q6a5,75
4669,Qb1b3,2
4670,Q5xg4,58
4671,Q6xe4,10
4672,Ndxc1,196
4673,Qgxh6,84
4674,Q8xc6,80
4675,Q6xb5,42
4676,Qaxe2,30
4677,Q4xh5,11
4678,Q1a1,256
4679,Q6b2,59
4680,Q6xc5,29
4681,R4xb2,174
4682,Q6c4,152
4683,Q5xb4,29
4684,exd1=N,134
4685,R4xh7,71
4686,Nfh8,110
4687,dxc1=B,33
4688,Qgxb6,123
4689,Q2xg7,3
4690,Qbxh6,8
4691,N3xa2,35
4692,Q4xb5,22
4693,Qhxd8,51
4694,Raxh3,188
4695,dxe1=N,118
4696,Qaxe3,48
4697,Q5h1,33
4698,Nhxg8,80
4699,Q1a5,91
4700,Qexa3,23
4701,Q4xa3,12
4702,Q6xd8,3
4703,Qfxg4,296
4704,Qcxa3,77
4705,gxh8=B,45
4706,Qgxd6,45
4707,Qhxd3,20
4708,Q7c3,69
4709,Q1xe1,39
4710,Nfxd8,253
4711,R3xh7,37
4712,dxc1=N,107
4713,Q2xg2,70
4714,Q3c7,63
4715,Qgxg8,64
4716,Qbxa4,49
4717,Qah5,55
4718,Q1xg7,23
4719,Q2xd4,18
4720,N5xg3,34
4721,Q5xg6,56
4722,Q4g2,71
4723,N1xa3,79
4724,Rhxa8,54
4725,Q8xd2,21
4726,Qgxe1,56
4727,Q3xh4,14
4728,Qcxe8,76
4729,Q3e1,30
4730,Q4xc5,32
4731,Qha2,69
4732,Q7e3,59
4733,Q6xd4,12
4734,Qaxd2,58
4735,Qga6,47
4736,Qbxg8,28
4737,Qcxh7,59
4738,Q1xd2,63
4739,Q7xg6,65
4740,exf8=B,97
4741,Q4xd6,18
4742,Naxc1,163
4743,Qe8a4,1
4744,Q1xd4,46
4745,Qcxh1,9
4746,Qexe8,65
4747,Q5h8,20
4748,Q7xh4,7
4749,N2xa4,71
4750,Qgxd1,20
4751,Q5c3,174
4752,Q6xb8,1
4753,Qcxe7,90
4754,Q2a5,35
4755,N4xf6,136
4756,Q4a2,70
4757,Rgxb8,70
4758,R6xh3,67
4759,Q5xe1,5
4760,Qbxg4,40
4761,gxf8=R,340
4762,Qd5d6,1
4763,Qd7e7,1
4764,bxa8=N,90
4765,Qha7,100
4766,Q5c7,82
4767,Q4h7,53
4768,Q6g8,22
4769,gxh1=B,28
4770,Naxb8,92
4771,Q6c8,38
4772,Qgxe2,72
4773,hxg1=N,73
4774,Qhxh8,37
4775,Qa7b6,1
4776,Q5xc4,33
4777,Bgb3,3
4778,B4b3,1
4779,Bac4,4
4780,Q6xg7,35
4781,Qcxb1,21
4782,Q4xe6,29
4783,Q6xb6,28
4784,Q7xe4,11
4785,N1xd3,88
4786,Qfxh5,91
4787,Q5xe5,54
4788,Rgxa8,17
4789,Qbxe2,56
4790,Q7xh6,17
4791,R3xg2,221
4792,Qexa2,25
4793,Qaxf6,178
4794,Qgxd3,38
4795,Qb8b7,7
4796,Qhxa7,13
4797,bxc8=N,94
4798,Q1a7,51
4799,gxh8=N,94
4800,R6xb2,152
4801,Q6xf5,36
4802,Q4b2,61
4803,Q5xh5,29
4804,Nbxd8,74
4805,Q3c1,17
4806,hxg1=R,91
4807,Bdc4,7
4808,Bfe2,10
4809,B1g2,2
4810,Bcf3,1
4811,Q3xc4,24
4812,Q8h2,40
4813,Q6f8,34
4814,Q7xg4,16
4815,Q5f2,65
4816,Q5g4,230
4817,Q6xh3,6
4818,Q1xe7,15
4819,Qgxh1,8
4820,R4xg2,90
4821,Rgxh8,30
4822,Q1xd5,24
4823,Q5e8,46
4824,Qbxc1,77
4825,Q5e1,20
4826,Q8f4,168
4827,Q3h6,31
4828,Qgxb8,6
4829,Rbxa1,75
4830,Ngxh1,29
4831,Qd2c1,2
4832,Q2xb2,31
4833,Q4g7,43
4834,Q7d3,75
4835,Q6d8,44
4836,Qdxa4,66
4837,Qhxh1,45
4838,Q7c2,67
4839,Qgxc6,54
4840,Qaf5,160
4841,Qaxf1,45
4842,Qhxc4,22
4843,Q3xf6,12
4844,Q4xe4,29
4845,Qcxa8,16
4846,Q8f3,110
4847,Q2d5,96
4848,Qexb3,56
4849,Q3g1,25
4850,Qgxe4,88
4851,Rhxa1,46
4852,Q5xe3,28
4853,fxg1=B,20
4854,Q6g1,10
4855,Q5xa2,18
4856,N6xf7,28
4857,Q1xe3,64
4858,N3xh5,20
4859,Qgxb4,22
4860,Q2xh3,16
4861,Q3xd3,32
4862,Q3xg5,17
4863,Q8e2,53
4864,Qaxe7,52
4865,Q7e2,49
4866,Q5a2,55
4867,Q7a3,22
4868,Qcxf8,85
4869,gxh8=R,114
4870,Qbxh8,8
4871,Qaxb3,162
4872,fxe1=B,27
4873,Qcxa5,59
4874,Qexa7,31
4875,Qaxe6,45
4876,Q6xe6,50
4877,Qaxf4,57
4878,Q8xb8,17
4879,Q7xa6,14
4880,Q4xc4,32
4881,Qfxc3,61
4882,Qe8e6,1
4883,Qaxc7,73
4884,Qaxg6,36
4885,Q3xf1,6
4886,Q2g6,39
4887,Qhxa8,14
4888,Q8xe7,70
4889,R6xh7,60
4890,Qc1c3,3
4891,Q4xh2,16
4892,Rdxa1,57
4893,cxb8=B,48
4894,Q4xb6,14
4895,Q3xg3,75
4896,Q6xb4,5
4897,Q3xd2,21
4898,Q4e8,32
4899,R2xh6,67
4900,R4xh6,87
4901,N3a5,90
4902,Q3f1,31
4903,Q4xb4,29
4904,Qexb7,51
4905,Q5f1,22
4906,Qc1b2,4
4907,Nfxh1,25
4908,Q4c8,12
4909,Qhxf2,121
4910,Q2xe4,11
4911,Q4xb7,1
4912,Q6a6,119
4913,Qgxb2,41
4914,Q2xb5,19
4915,N4xa6,55
4916,Q6h2,19
4917,Q2h6,19
4918,Qaxg5,28
4919,Qdxa1,19
4920,Qaxh8,25
4921,Qbxa1,8
4922,Rexh1,23
4923,Bdc3,8
4924,Q8xh3,22
4925,Q4xf2,27
4926,Qg7f8,2
4927,Q5xh7,35
4928,Q1xc1,24
4929,Qe2d3,2
4930,Qe3d4,2
4931,Q6xf4,32
4932,Qbxe1,51
4933,Q2b1,80
4934,Qhxe6,37
4935,Q2f7,32
4936,Qe8f7,3
4937,Bad5,13
4938,Bhf4,6
4939,Bbc7,9
4940,Q4c7,62
4941,Q5xg5,69
4942,Qhxc8,18
4943,Qaxh7,21
4944,Qexh2,36
4945,Qexa6,20
4946,Bfe5,8
4947,N5xe3,49
4948,Qhxb1,9
4949,Rbxh8,16
4950,Q6xf6,55
4951,Q7d4,108
4952,Q8xg2,28
4953,Q5a8,13
4954,Qdxb4,133
4955,Qc2b3,1
4956,fxg8=B,39
4957,Q7xe5,17
4958,Q5xd6,25
4959,Q5e7,117
4960,Rfxh8,14
4961,Q3a7,19
4962,Qexh3,40
4963,Ncxa1,35
4964,Qhxb6,8
4965,Q7xg5,21
4966,Qdxh8,15
4967,Q6b3,62
4968,Q8a4,76
4969,Q3xf4,41
4970,Qah4,57
4971,Q1g5,100
4972,Q1xh2,90
4973,Q5xg8,5
4974,Q7xb5,12
4975,Qhxb5,18
4976,Qaxf7,61
4977,Q7b4,62
4978,Q4d1,23
4979,Bcg4,5
4980,Baf3,4
4981,Q1e7,61
4982,Q7xc6,34
4983,Q5g8,38
4984,Q6f2,74
4985,N5xa6,77
4986,Q2xb6,7
4987,Q6xc7,14
4988,gxf8=B,52
4989,Nbxa1,32
4990,Q6xg4,25
4991,Q7xh7,23
4992,Q5xc5,30
4993,Qgxf1,68
4994,Q5xg2,8
4995,Q5xb6,21
4996,Q6xc4,16
4997,Bbf5,9
4998,Bge4,7
4999,Q4xh3,12
5000,Qcxh8,14
5001,Qgxa3,14
5002,Q3xh5,10
5003,Qf8e8,1
5004,exd8=B,60
5005,Q8xa5,24
5006,Qfxa4,11
5007,Qbxh1,12
5008,Ngxh8,25
5009,Q1h6,51
5010,Q7xb6,40
5011,Q8a3,73
5012,Rdxh1,44
5013,Q3xc6,9
5014,Q3xc7,7
5015,Q8xb6,31
5016,bxa8=B,68
5017,Q1xb5,12
5018,R6xg2,59
5019,Qfxh2,44
5020,Q3xf7,17
5021,Q4b1,19
5022,N6xh4,19
5023,dxe1=B,32
5024,Q3e7,63
5025,Qfxd4,94
5026,Bfe7,9
5027,Bcd6,6
5028,Q4xd5,26
5029,Q2h1,66
5030,Q8xg4,29
5031,Q3xh3,21
5032,Qdxa3,19
5033,Q6xh7,10
5034,Q5c1,10
5035,Q3xe2,28
5036,Q3xe3,35
5037,Qdxb7,74
5038,Q2b7,28
5039,Qf8e7,7
5040,Q6b8,13
5041,Bce6,8
5042,Q2xg4,28
5043,Q3xb6,9
5044,Q7xf7,80
5045,Q8xf2,12
5046,Q3xb3,25
5047,Q2xe5,10
5048,Q6g3,56
5049,Qf8f7,2
5050,Qe8e7,7
5051,Qb4b5,1
5052,Q5xg7,8
5053,Qdxc1,37
5054,Q2a6,20
5055,Q6a2,26
5056,Q2f6,48
5057,Q2xd3,37
5058,B5c6,2
5059,Bhe4,13
5060,Bed5,7
5061,hxg1=B,17
5062,Q3xc1,4
5063,Q8xg3,14
5064,Q1xf1,34
5065,Q4xa7,26
5066,Qhxe1,40
5067,Q4xa2,9
5068,Qga3,55
5069,Rbxh1,11
5070,Q2h8,3
5071,Qfxh1,14
5072,Q3a6,33
5073,Q1h8,7
5074,Q1xc7,16
5075,Qdxa5,62
5076,Q2xh4,4
5077,Qaxg1,24
5078,Qbh5,60
5079,Q2xg6,11
5080,Q4xe5,39
5081,Q8xc5,20
5082,Qc5b6,1
5083,Bhg3,7
5084,Qdxb1,28
5085,cxb1=B,45
5086,Q5d1,10
5087,Q5h4,67
5088,Bexf4,1
5089,Q4xg3,43
5090,Q1xb3,44
5091,Q4a1,10
5092,Q5xb5,32
5093,Q2xc3,49
5094,Q5h2,35
5095,Q5xe6,33
5096,Q3xc3,32
5097,N6xg7,54
5098,Q5xb3,11
5099,Q7xc5,14
5100,Q5xa5,10
5101,Q7b3,50
5102,Qhxe3,49
5103,Q1xc4,17
5104,Q5f8,28
5105,Q1xg1,36
5106,Q3g8,7
5107,Qgxc3,42
5108,Qgxa6,5
5109,N3xg2,31
5110,B3c2,2
5111,Bbc2,15
5112,Bbe5,9
5113,Q2xb4,17
5114,Q1xh6,11
5115,Q7f2,39
5116,Q7xa5,11
5117,Qfxb3,52
5118,Qbxg1,26
5119,N4xb6,29
5120,Qexa1,7
5121,Q2xa3,19
5122,Q5xa3,6
5123,Q1xh3,41
5124,Q5xa4,14
5125,Qfxh8,10
5126,Qf8g7,5
5127,Q4xe2,6
5128,Q3b6,51
5129,Q3xg4,43
5130,Q4xf1,4
5131,Qg8f8,4
5132,Bab2,6
5133,Bbc3,7
5134,Q4xd2,6
5135,Qhxa1,18
5136,Q1xc6,11
5137,Qg1d1,1
5138,Qgxh2,80
5139,Nfxh8,43
5140,Qaxh4,11
5141,Q2h7,22
5142,Bad4,18
5143,Q6xd5,30
5144,Qdxh2,28
5145,Bge5,2
5146,Q6xf3,5
5147,Q8xd3,24
5148,Q3d1,22
5149,Q3xa5,8
5150,N7xa5,56
5151,Qbxa8,13
5152,Q6xh5,6
5153,Q5xd3,11
5154,Q8xb5,28
5155,Bdf5,5
5156,Rcxh8,25
5157,Q6xc8,1
5158,Qgxc8,32
5159,Q4xf7,9
5160,Qhxc5,15
5161,Q8xa8,12
5162,Bed2,12
5163,Bcb4,5
5164,Q8xc3,12
5165,Q8xc2,18
5166,Q7h1,5
5167,Q4xg1,6
5168,Qf1f2,5
5169,dxc8=B,38
5170,Q5g1,26
5171,Q1g7,20
5172,Q4xh6,11
5173,N3xc2,23
5174,Q8xd4,32
5175,Bfb4,4
5176,fxe8=B,36
5177,Bbe2,1
5178,Bgh2,1
5179,Bhd6,3
5180,B8e7,5
5181,Q2xf5,15
5182,Q6h3,33
5183,Bgf6,15
5184,Q1xg4,26
5185,Qc6c4,1
5186,Q6xc2,3
5187,Q1xd6,16
5188,Q1xe4,32
5189,Qexh8,11
5190,Q2d7,62
5191,Bexd3,1
5192,Qdxb8,29
5193,Q7h3,28
5194,Q7xc4,6
5195,Q5xf2,11
5196,Qdxa8,12
5197,Bae4,4
5198,Q4f7,83
5199,Qdxg8,38
5200,Bgh7,3
5201,Bhc2,2
5202,Bhd3,1
5203,Q8xh8,6
5204,Qfxb7,45
5205,Q2g7,29
5206,Qfxe1,40
5207,Q3xa4,8
5208,Bcg8,1
5209,Beg7,4
5210,Baf8,1
5211,Qgxa8,5
5212,Bfg5,2
5213,Q2xd7,4
5214,Qh7g6,2
5215,B4d5,4
5216,Qdxh7,47
5217,Bac3,20
5218,Bcd4,14
5219,N6xa7,35
5220,Bhxg2,1
5221,Bbe4,13
5222,Qaxh3,17
5223,Rgxa1,19
5224,Nbxa8,48
5225,Q1xa4,15
5226,Bfd3,8
5227,Q5xf3,50
5228,Rexh8,39
5229,Qd8xf6,1
5230,Q6f1,10
5231,Qgxa5,9
5232,Bcd1,4
5233,Bbd5,4
5234,Qb2c1,1
5235,Qc2d1,1
5236,Qd2e3,1
5237,Qf3g2,3
5238,Qaxg4,33
5239,Q2xc4,17
5240,Qhxb8,13
5241,Q3xf2,24
5242,Qaxh5,13
5243,Q7xd2,5
5244,Q3xg8,2
5245,Q4xf8,5
5246,Bgf7,8
5247,Q2xg5,23
5248,Q4xc7,7
5249,Qexa5,39
5250,Qgxd8,42
5251,Qd1c1,2
5252,Qf2e1,2
5253,Qc8d8,2
5254,Q7g3,43
5255,Bhg7,15
5256,Q4xb3,13
5257,Ng8e7,1
5258,Qa8b7,3
5259,Q1xd1,18
5260,Q4h8,24
5261,Bhf6,15
5262,Beg3,3
5263,Bfd6,10
5264,Q6a1,2
5265,Rfxh1,10
5266,Bhe5,10
5267,Bgf4,11
5268,Bhf3,16
5269,Q2xf7,4
5270,B3g2,1
5271,Qc1c2,4
5272,Q3b8,4
5273,Bdf3,7
5274,Bfb7,1
5275,Q1xf7,19
5276,Bge2,4
5277,Bbc4,13
5278,N3xb2,20
5279,Q8xe2,10
5280,Q8xh5,19
5281,Q6xh4,7
5282,Qb1c2,6
5283,B3g4,2
5284,Q1xb1,6
5285,Q5xb2,6
5286,Q8xb4,16
5287,Q5c8,16
5288,Q7xb2,2
5289,Q3xd6,4
5290,N6xc7,12
5291,B8e6,2
5292,Qe1f1,3
5293,Q6h8,6
5294,Bgd4,14
5295,Q5b2,47
5296,B7f6,2
5297,Qd8c8,2
5298,Q5xg1,2
5299,Q8xf3,17
5300,Qh8h4,1
5301,Bfxg7,1
5302,Bd2c3,1
5303,Bdg7,4
5304,Bcf6,1
5305,Bfc3,1
5306,Q1xd7,14
5307,Q3xd7,2
5308,Qcxg1,20
5309,Qe3f2,2
5310,B1g3,1
5311,B3d4,6
5312,Q8xa3,16
5313,Bhb2,4
5314,Qdxa2,28
5315,Qd8c7,3
5316,Bdb2,4
5317,Q4b8,7
5318,Q8xh4,14
5319,Qg8g7,10
5320,Qc8e6,2
5321,Q6xd7,29
5322,Q1xa1,7
5323,Qa1a2,3
5324,Qa1e1,1
5325,Baf1,2
5326,Bfg2,5
5327,Qe2f2,1
5328,Qg1h2,4
5329,Q5xa8,1
5330,Qf7g8,5
5331,Q6xa5,7
5332,Qfxa5,8
5333,Q6xb7,23
5334,Q1xa3,24
5335,Qhxc1,26
5336,Q1xc5,13
5337,Q2xa4,12
5338,Q7xe8,5
5339,Qa8d8,2
5340,Qcxb8,14
5341,Qd1c2,6
5342,Bde3,6
5343,B2g3,1
5344,B6c7,3
5345,Bde5,16
5346,Q4xh7,4
5347,Bbf2,1
5348,Qaxh2,12
5349,Bba6,2
5350,Q6xd2,3
5351,Q6xe8,4
5352,Qa7b7,1
5353,Q4xa5,9
5354,Q3xh2,8
5355,Qexh1,6
5356,Bef4,8
5357,Qbxh4,13
5358,Qh1a8,1
5359,Bac6,15
5360,Bcb3,1
5361,Bab3,6
5362,Bda7,1
5363,Bdb3,1
5364,Q7xc8,3
5365,Bhc6,4
5366,Bch6,1
5367,Qb8b4,1
5368,B4d6,1
5369,Q3h8,11
5370,Bde7,11
5371,Q7xa4,3
5372,Q1xg6,15
5373,Qc4c7,1
5374,Q5xc8,2
5375,Q7xf8,7
5376,Beg4,3
5377,Qgxb1,4
5378,Q1xh5,13
5379,Qb8a7,1
5380,Qc1d2,4
5381,Q2xh2,8
5382,Bef5,4
5383,Qe1d2,2
5384,Bed6,8
5385,Bhg4,8
5386,Bgb6,2
5387,Bbe3,1
5388,Bef6,5
5389,Bexg5,1
5390,Beg2,1
5391,B8e5,2
5392,Bgd5,5
5393,Q2xc5,6
5394,Bfd4,7
5395,Ng3e4,1
5396,Bac1,2
5397,Bgf1,3
5398,Nd6e4,1
5399,Qc8c6,2
5400,Qaxh1,10
5401,Q1xh4,14
5402,Q3xa2,19
5403,Q5xd7,4
5404,Q7g2,27
5405,Q2xb7,4
5406,Q6xg2,5
5407,Q2xh6,3
5408,Q6xf1,2
5409,Q3xb7,5
5410,Qd8e7,2
5411,Bdxg5,1
5412,Q5xc2,4
5413,Q4xb2,8
5414,Qb1b5,1
5415,Q5xh2,2
5416,Qe1e2,3
5417,Q5a1,13
5418,Q2xd5,6
5419,Bcd3,7
5420,B3c4,3
5421,B6e5,3
5422,Q4xe7,4
5423,Qb4c5,1
5424,Q4g1,30
5425,Bgc8,1
5426,Q4xd4,24
5427,Bed3,8
5428,B6d5,4
5429,Q3xa6,2
5430,Bfe3,3
5431,Bce3,6
5432,Bdf6,14
5433,B8g7,1
5434,Qgxa4,7
5435,Q5xe2,6
5436,Qhxa4,10
5437,Bfc4,2
5438,Bec3,6
5439,Q6xb3,5
5440,Qb4a5,1
5441,Qcxh4,16
5442,Q2xe7,4
5443,Bexb6,1
5444,Bbd8,1
5445,B6e7,4
5446,Qb7c8,2
5447,Bab7,10
5448,Qhxa3,12
5449,Qhxc7,34
5450,Bcf5,5
5451,B8d7,1
5452,Bec7,1
5453,B6f7,5
5454,Qg8h7,1
5455,Q7xd4,7
5456,Q3xa7,1
5457,Bcb6,3
5458,Bbc5,7
5459,Qhxa6,7
5460,Bhg5,8
5461,Bdc7,7
5462,Qc8b7,5
5463,Q3xc5,12
5464,Qc8d7,3
5465,Qcxh5,15
5466,Na8b6,1
5467,Bag7,2
5468,Bdxg4,1
5469,Qg8d8,1
5470,Bae5,12
5471,Q3xd1,1
5472,Qf8g8,1
5473,Q6c1,3
5474,Q4xe1,5
5475,B6g5,2
5476,Qa1c3,2
5477,Bhd4,5
5478,Qd1b1,1
5479,Qf1e1,3
5480,Qgxh8,12
5481,Nh6f5,1
5482,Bef2,4
5483,Bhb7,2
5484,Q5b8,10
5485,Qa2b1,1
5486,Q7xa3,5
5487,Q3h1,5
5488,Q2xf6,3
5489,Q7xh2,2
5490,Bad2,2
5491,Q7xd5,18
5492,Q2xf4,12
5493,Q1xe6,7
5494,Bgf2,8
5495,Qd8d7,2
5496,Bbc6,5
5497,Bfg4,3
5498,Nd2e4,1
5499,Ng1e2,2
5500,Q2xb1,2
5501,Q6xe3,5
5502,Qc7b7,1
5503,Q8h1,7
5504,Bhxg4,1
5505,Qf6f7,3
5506,Qe6e7,1
5507,Qa2g2,1
5508,Bef8,5
5509,Qgxa1,12
5510,Q6xg3,5
5511,Q4a8,10
5512,Q2xd1,5
5513,Bgf8,1
5514,Qd1d2,8
5515,Bcb2,4
5516,Q2g8,5
5517,Qe6e5,1
5518,Q4d8,6
5519,Q2xh5,7
5520,Bed7,5
5521,Qc6c3,1
5522,Bdc2,6
5523,Bce4,2
5524,Bgf5,13
5525,Bfe4,10
5526,B4xc6,1
5527,Bdf2,5
5528,Bcxg4,1
5529,Bed4,6
5530,B3f2,1
5531,Beh3,1
5532,Q7xe2,1
5533,Qh7g7,3
5534,Qe4f5,1
5535,Qh4g4,1
5536,Qg8f7,7
5537,Q6xg8,3
5538,B2e3,1
5539,Q5xa7,4
5540,Q7xh5,11
5541,Bbd6,6
5542,B5d6,1
5543,Q2xa6,3
5544,Q3a1,6
5545,Q5xh4,5
5546,Q2xa7,1
5547,B3e5,1
5548,B7h6,1
5549,Qa1b2,2
5550,Q5b1,6
5551,Qb3c3,1
5552,Q3xe1,8
5553,Q5xc7,5
5554,Q6xa2,7
5555,Bfg3,3
5556,Beh5,1
5557,Bhe2,1
5558,Qfxa1,10
5559,Bfxe3,1
5560,Q2xd6,2
5561,Qe8d7,6
5562,Q7xb7,22
5563,Bdg5,5
5564,B5h4,1
5565,Bfh4,1
5566,Bhf2,2
5567,B4f3,1
5568,Bdg6,1
5569,B2d3,2
5570,B1e2,2
5571,Q7xg3,6
5572,Bd1c2,1
5573,Q8xa4,8
5574,Qc2b2,1
5575,B8f7,3
5576,Bfe8,1
5577,Beb5,1
5578,B7f5,1
5579,B7e6,1
5580,Bexf6,1
5581,Bfh5,1
5582,Qd8b8,1
5583,Bcd7,8
5584,Bdxf6,1
5585,Q6xa7,11
5586,Bfg7,10
5587,Bdb7,2
5588,Qb2c2,1
5589,Bbf4,2
5590,Q5xb7,7
5591,Q7xb8,7
5592,Q3xe5,11
5593,Bfd5,3
5594,Bdc6,3
5595,Qh3g2,2
5596,Bdf7,2
5597,Bhe6,3
5598,Q3xg6,8
5599,Bde4,4
5600,Q6xa6,9
5601,Nd1f2,1
5602,Q7xh3,2
5603,Q3xh7,5
5604,Qc8f5,1
5605,Qg1f2,2
5606,Q6xg1,2
5607,B4e5,4
5608,Bcg5,2
5609,Q6b1,4
5610,Ne1d3,1
5611,Qc7d7,3
5612,Qb8c7,4
5613,Qc7c6,1
5614,Q3xe7,4
5615,Qhxa5,4
5616,Qcxa1,12
5617,Bfb5,1
5618,Beb4,1
5619,Bdc5,8
5620,Bbd2,2
5621,Bcf7,2
5622,Q6xd3,5
5623,Q7xd8,2
5624,Q3xg7,4
5625,Qexa8,12
5626,Q2xe1,6
5627,Qdxh1,7
5628,Bba4,1
5629,Q5xa6,1
5630,Qa8a6,1
5631,Q5xh6,10
5632,Bef3,5
5633,Bcd8,1
5634,Bcxd5,1
5635,Qd1a4,1
5636,Qb1c1,2
5637,B5g4,1
5638,Q2xa5,4
5639,B2d4,1
5640,Bexf5,1
5641,Q6xb2,4
5642,Q2xe6,3
5643,Q3c8,6
5644,Q7xg2,1
5645,B7a6,1
5646,B5a6,1
5647,Bfh6,3
5648,Bbf6,1
5649,B7g5,1
5650,Qc1c4,1
5651,Q4xc8,3
5652,Qhxa2,8
5653,Q6a8,7
5654,Qb3c2,3
5655,Bbg3,2
5656,Q2xh7,6
5657,Bfh3,4
5658,Bcxf6,1
5659,Qf1g2,6
5660,Q4xc2,5
5661,Q5xe8,4
5662,Bab4,4
5663,Bba7,3
5664,Bae3,1
5665,Bcxe3,1
5666,Beb7,2
5667,Qb1a2,2
5668,Bge6,6
5669,Bdb5,1
5670,Qd8f6,1
5671,Qf1e2,4
5672,Q6xh2,3
5673,Qg8g6,1
5674,Bdf4,5
5675,Qf3e3,1
5676,Bde6,5
5677,Bhd7,2
5678,Bce2,3
5679,Qb8b3,1
5680,Q7xc3,4
5681,Baf6,3
5682,B5f6,3
5683,Bbd4,4
5684,Bgc4,1
5685,B8d5,2
5686,B3e4,4
5687,Bac2,1
5688,Q3xh6,2
5689,Bba2,2
5690,Bae6,2
5691,Q3xb1,2
5692,Qe8d8,1
5693,Qfxa8,3
5694,Q4xa1,1
5695,Qh8h7,3
5696,Bcxe4,1
5697,B3c5,1
5698,Bab6,4
5699,Qh1h2,1
5700,Q6xe2,1
5701,Beh4,1
5702,Bhxf6,1
5703,B1c2,2
5704,B5d4,2
5705,Q4xe8,3
5706,Qc4c3,1
5707,Qb8c8,3
5708,Qf1h3,2
5709,Qd8d5,4
5710,Qd5c5,1
5711,Q7b1,1
5712,Qb6c5,1
5713,Qd1d4,2
5714,Bhg8,1
5715,Bfg6,2
5716,B2b5,1
5717,Qd4e3,1
5718,Qg2f2,1
5719,Qf2e2,1
5720,Qe2d2,1
5721,Bde2,4
5722,Bef1,1
5723,Qf8f3,1
5724,Q7xe3,5
5725,Qe1g3,1
5726,Qb8d8,1
5727,Qh1g2,3
5728,Qc8c7,3
5729,Bhc3,2
5730,Ng5e4,1
5731,Q7xa2,1
5732,Qd6d7,1
5733,Bfxb5,1
5734,Bdg2,2
5735,Qf6g7,3
5736,Qh6g6,1
5737,Qg3g2,1
5738,Bce5,2
5739,B4g5,2
5740,Qg2h3,1
5741,Qc1a3,1
5742,Bcd5,10
5743,Bad3,1
5744,Beb2,1
5745,Qe1e3,2
5746,Nf8e6,1
5747,Bexf7,1
5748,Qa1a6,2
5749,B7d6,2
5750,Qg3e1,1
5751,Q1a8,3
5752,Qc8c4,1
5753,Q2xg1,2
5754,Q3xb8,1
5755,Bhxf3,1
5756,Qd1e2,2
5757,Bcf4,5
5758,Qb1e4,1
5759,Qh3g3,2
5760,Qg3f3,1
5761,Q7xg8,4
5762,B5b4,1
5763,Qa6b7,1
5764,Q4xd8,2
5765,Qe1e4,2
5766,Qe7f6,3
5767,Bad1,1
5768,Bdg4,3
5769,Bcd2,4
5770,B1e3,1
5771,Bcf8,1
5772,Qe1f2,1
5773,B1d2,1
5774,Bhe3,4
5775,Qg1g2,3
5776,Bcxb3,1
5777,B8c7,2
5778,B2f3,2
5779,Bae2,1
5780,Q2xc6,1
5781,Q5xe7,4
5782,Qd2d3,1
5783,Q6xa3,4
5784,Bfh2,1
5785,Bcxe6,1
5786,B2c3,3
5787,Bda4,1
5788,B6g7,2
5789,Baxb2,1
5790,Q3xe6,4
5791,Qc7d8,1
5792,B6g4,1
5793,Q5xd8,3
5794,Qc1d1,2
5795,Qf8d6,1
5796,Qc2d2,1
5797,Nc6e5,1
5798,Bfe6,9
5799,Qg7f6,1
5800,Qf8f6,1
5801,Qa8b8,1
5802,Baxe5,1
5803,B3b4,1
5804,Bcb1,1
5805,Qa8e8,1
5806,B6b5,1
5807,Beg6,2
5808,Qe5f5,1
5809,Qh3h5,1
5810,Bfd2,2
5811,Nf3e5,1
5812,Qc1e3,1
5813,Bbxc6,1
5814,Nf1g3,1
5815,Qb2a1,1
5816,Qd7c6,1
5817,B3f4,2
5818,Nh1g3,1
5819,Qe7d8,1
5820,Q1xh1,6
5821,B6d7,1
5822,Q5xh3,3
5823,Bgxf3,1
5824,Bfxg2,1
5825,Bfxe2,1
5826,Bef7,4
5827,B8xe6,1
5828,Qd7c7,1
5829,Q4xg8,1
5830,Qf1f5,1
5831,Qe2f3,1
5832,Q6xh8,1
5833,Qg7f7,1
5834,Qf1c1,1
5835,Bfa3,1
5836,B2b3,1
5837,B4c5,2
5838,Qg8xg2,1
5839,Qe1d1,2
5840,Qe8e5,2
5841,Qd6g3,1
5842,B4f5,3
5843,Qh1d1,1
5844,Bgd6,1
5845,Q6xh1,1
5846,Q3xc8,1
5847,Qd2c3,1
5848,Bec4,1
5849,Bea3,1
5850,Qe8c6,1
5851,Q5xc1,1
5852,Bfd1,1
5853,Bcg6,1
5854,Bhf8,1
5855,Bfg8,1
5856,Bbe7,2
5857,Bgh3,1
5858,Qd5d7,1
5859,Q7xc2,3
5860,Qe5d6,1
5861,B4a3,1
5862,Q8a1,2
5863,Bbd7,2
5864,B7e5,1
5865,Qa3b2,1
5866,Q4xh8,1
5867,Bcb5,1
5868,Qa6a7,1
5869,Qa5b6,1
5870,Qa6b5,1
5871,Qh8h6,1
5872,Nc3e4,1
5873,Qe6d7,1
5874,Bfxd4,1
5875,Q5xd1,1
5876,Bcxe7,1
5877,Qd1b3,1
5878,Qg5f6,1
5879,Bba5,1
5880,Bch3,1
5881,Q6xa4,1
5882,B5xf4,1
5883,B4g3,1
5884,Qd8e8,1
5885,Bac5,1
5886,B5c4,1
5887,B4d3,1
5888,B3e2,1
5889,Qd5d4,1
5890,Nd5f6,1
5891,Bgc3,2
5892,Qg2f1,2
5893,Bhxc3,1
5894,Bbf7,1
5895,Bgh6,5
5896,Bbe6,1
5897,Bgc5,1
5898,Bc3b4,1
5899,Qc5d4,1
5900,Qb7b6,1
5901,Qc6b5,1
5902,B5xd3,1
5903,Q2a8,2
5904,Bhe7,1
5905,B4g6,1
5906,Bfc5,1
5907,B3b2,2
5908,Qd1f3,1
5909,Q5xh8,1
5910,Q3xg1,1
5911,Qb1b4,1
5912,Qa8e4,1
5913,Qf6e5,1
5914,Qa1c1,1
5915,Qf8c8,1
5916,Bec5,1
5917,Bfe1,1
5918,Qb1d3,1
5919,Qg8g3,1
5920,Qe1c1,1
5921,Q4xb1,1
5922,Q8xa1,1
5923,Bexc6,1
5924,Qe3d2,1
5925,Bec6,1
5926,Qa6c6,1
5927,Bexg6,1
5928,B3d2,1
5929,Qg2d5,1
5930,Bbg6,1
5931,Bhxe4,1
5932,Qg1f1,1
5933,Bhf7,1
5934,Beg5,1
5935,Q3a8,1
5936,Qb8b6,1
5937,Qc2c3,1
5938,Bexd2,1
